id,_type,inScheme,code,prefLabel,topConceptOf,seeAlso,relevantDataType,isVersionOf,modified,created,isPartOf,status,relevantRiepr,relevantCodeList,relevantUnit,definition,note,isMeetbaar,narrower,narrowerTransitive,semanticRelation,broader,broaderTransitive,isVerplicht,narrowerPartitive,isMeervoudig,broaderPartitive,isOnzichtbaar,related,relevantClass,conditionValue,conditionPath,_ui_after,_ui_first,isMultiselect,relevantFeatureClass,hasTopConcept,hasPart
http://qudt.org/vocab/unit/DEG_C,http://qudt.org/schema/qudt/Unit|http://www.w3.org/2004/02/skos/core#Concept,https://data.omgeving.vlaanderen.be/id/conceptscheme/riepr/eenheden,°C,Celsius,https://data.omgeving.vlaanderen.be/id/conceptscheme/riepr/eenheden,null,null,null,null,null,null,null,null,null,null,null,null,null,null,null,null,null,null,null,null,null,null,null,null,null,null,null,null,null,null,null,null,null
http://qudt.org/vocab/unit/K,http://qudt.org/schema/qudt/Unit|http://www.w3.org/2004/02/skos/core#Concept,https://data.omgeving.vlaanderen.be/id/conceptscheme/riepr/eenheden,K,Kelvin,https://data.omgeving.vlaanderen.be/id/conceptscheme/riepr/eenheden,null,null,null,null,null,null,null,null,null,null,null,null,null,null,null,null,null,null,null,null,null,null,null,null,null,null,null,null,null,null,null,null,null
http://qudt.org/vocab/unit/M,http://qudt.org/schema/qudt/Unit|http://www.w3.org/2004/02/skos/core#Concept,https://data.omgeving.vlaanderen.be/id/conceptscheme/riepr/eenheden,m,Meter,https://data.omgeving.vlaanderen.be/id/conceptscheme/riepr/eenheden,null,null,null,null,null,null,null,null,null,null,null,null,null,null,null,null,null,null,null,null,null,null,null,null,null,null,null,null,null,null,null,null,null
http://qudt.org/vocab/unit/M3,http://qudt.org/schema/qudt/Unit|http://www.w3.org/2004/02/skos/core#Concept,https://data.omgeving.vlaanderen.be/id/conceptscheme/riepr/eenheden,m³,Kubieke meter,https://data.omgeving.vlaanderen.be/id/conceptscheme/riepr/eenheden,null,null,null,null,null,null,null,null,null,null,null,null,null,null,null,null,null,null,null,null,null,null,null,null,null,null,null,null,null,null,null,null,null
http://qudt.org/vocab/unit/MegaW,http://qudt.org/schema/qudt/Unit|http://www.w3.org/2004/02/skos/core#Concept,https://data.omgeving.vlaanderen.be/id/conceptscheme/riepr/eenheden,MW,Mega Watt,https://data.omgeving.vlaanderen.be/id/conceptscheme/riepr/eenheden,null,null,null,null,null,null,null,null,null,null,null,null,null,null,null,null,null,null,null,null,null,null,null,null,null,null,null,null,null,null,null,null,null
http://qudt.org/vocab/unit/MicroGM-PER-L,http://qudt.org/schema/qudt/Unit|http://www.w3.org/2004/02/skos/core#Concept,https://data.omgeving.vlaanderen.be/id/conceptscheme/riepr/eenheden,µg/l,Microgram per liter,https://data.omgeving.vlaanderen.be/id/conceptscheme/riepr/eenheden,null,null,null,null,null,null,null,null,null,null,null,null,null,null,null,null,null,null,null,null,null,null,null,null,null,null,null,null,null,null,null,null,null
http://qudt.org/vocab/unit/MilliGM-PER-L,http://qudt.org/schema/qudt/Unit|http://www.w3.org/2004/02/skos/core#Concept,https://data.omgeving.vlaanderen.be/id/conceptscheme/riepr/eenheden,mg/l,Milligram per liter,https://data.omgeving.vlaanderen.be/id/conceptscheme/riepr/eenheden,null,null,null,null,null,null,null,null,null,null,null,null,null,null,null,null,null,null,null,null,null,null,null,null,null,null,null,null,null,null,null,null,null
http://qudt.org/vocab/unit/NanoGM-PER-L,http://qudt.org/schema/qudt/Unit|http://www.w3.org/2004/02/skos/core#Concept,https://data.omgeving.vlaanderen.be/id/conceptscheme/riepr/eenheden,ng/l,Nanogram per liter,https://data.omgeving.vlaanderen.be/id/conceptscheme/riepr/eenheden,null,null,null,null,null,null,null,null,null,null,null,null,null,null,null,null,null,null,null,null,null,null,null,null,null,null,null,null,null,null,null,null,null
http://qudt.org/vocab/unit/PERCENT,http://qudt.org/schema/qudt/Unit|http://www.w3.org/2004/02/skos/core#Concept,https://data.omgeving.vlaanderen.be/id/conceptscheme/riepr/eenheden,%,Percent,https://data.omgeving.vlaanderen.be/id/conceptscheme/riepr/eenheden,null,null,null,null,null,null,null,null,null,null,null,null,null,null,null,null,null,null,null,null,null,null,null,null,null,null,null,null,null,null,null,null,null
http://qudt.org/vocab/unit/PPB,http://qudt.org/schema/qudt/Unit|http://www.w3.org/2004/02/skos/core#Concept,https://data.omgeving.vlaanderen.be/id/conceptscheme/riepr/eenheden,PPB,ppb,https://data.omgeving.vlaanderen.be/id/conceptscheme/riepr/eenheden,null,null,null,null,null,null,null,null,null,null,null,null,null,null,null,null,null,null,null,null,null,null,null,null,null,null,null,null,null,null,null,null,null
http://qudt.org/vocab/unit/PPM,http://qudt.org/schema/qudt/Unit|http://www.w3.org/2004/02/skos/core#Concept,https://data.omgeving.vlaanderen.be/id/conceptscheme/riepr/eenheden,PPM,PPM,https://data.omgeving.vlaanderen.be/id/conceptscheme/riepr/eenheden,null,null,null,null,null,null,null,null,null,null,null,null,null,null,null,null,null,null,null,null,null,null,null,null,null,null,null,null,null,null,null,null,null
https://data.omgeving.vlaanderen.be/id/concept/riepr/aangifte-status/concept,http://www.w3.org/2004/02/skos/core#Concept,https://data.omgeving.vlaanderen.be/id/conceptscheme/riepr/aangifte_status,AANGIFTE_STATUS_CONCEPT,Status concept,https://data.omgeving.vlaanderen.be/id/conceptscheme/riepr/aangifte_status,http://purl.org/adms/status/UnderDevelopment,http://www.w3.org/ns/adms#,null,null,null,null,null,null,null,null,null,null,null,null,null,null,null,null,null,null,null,null,null,null,null,null,null,null,null,null,null,null,null
https://data.omgeving.vlaanderen.be/id/concept/riepr/aangifte-status/gefaald,http://www.w3.org/2004/02/skos/core#Concept,https://data.omgeving.vlaanderen.be/id/conceptscheme/riepr/aangifte_status,AANGIFTE_STATUS_GEFAALD,Gefaald,https://data.omgeving.vlaanderen.be/id/conceptscheme/riepr/aangifte_status,null,null,null,null,null,null,null,null,null,null,null,null,null,null,null,null,null,null,null,null,null,null,null,null,null,null,null,null,null,null,null,null,null
https://data.omgeving.vlaanderen.be/id/concept/riepr/aangifte-status/ingediend,http://www.w3.org/2004/02/skos/core#Concept,https://data.omgeving.vlaanderen.be/id/conceptscheme/riepr/aangifte_status,AANGIFTE_STATUS_INGEDIEND,Ingediend,https://data.omgeving.vlaanderen.be/id/conceptscheme/riepr/aangifte_status,http://purl.org/adms/status/Completed,http://www.w3.org/ns/adms#,null,null,null,null,null,null,null,null,null,null,null,null,null,null,null,null,null,null,null,null,null,null,null,null,null,null,null,null,null,null,null
https://data.omgeving.vlaanderen.be/id/concept/riepr/aangifte-status/ingetrokken,http://www.w3.org/2004/02/skos/core#Concept,https://data.omgeving.vlaanderen.be/id/conceptscheme/riepr/aangifte_status,AANGIFTE_STATUS_INGETROKKEN,Ingetrokken,https://data.omgeving.vlaanderen.be/id/conceptscheme/riepr/aangifte_status,http://purl.org/adms/status/Withdrawn,http://www.w3.org/ns/adms#,null,null,null,null,null,null,null,null,null,null,null,null,null,null,null,null,null,null,null,null,null,null,null,null,null,null,null,null,null,null,null
https://data.omgeving.vlaanderen.be/id/concept/riepr/aangifte-type/operationeel,http://www.w3.org/2004/02/skos/core#Concept,https://data.omgeving.vlaanderen.be/id/conceptscheme/riepr/aangifte_type,OPERATIONELE_GEGEVENS,Operationeel,https://data.omgeving.vlaanderen.be/id/conceptscheme/riepr/aangifte_type,null,null,null,null,null,null,null,null,null,null,null,null,null,null,null,null,null,null,null,null,null,null,null,null,null,null,null,null,null,null,null,null,null
https://data.omgeving.vlaanderen.be/id/concept/riepr/aangifte-type/structuur,http://www.w3.org/2004/02/skos/core#Concept,https://data.omgeving.vlaanderen.be/id/conceptscheme/riepr/aangifte_type,VASTE_GEGEVENS,Structuur,https://data.omgeving.vlaanderen.be/id/conceptscheme/riepr/aangifte_type,null,null,null,null,null,null,null,null,null,null,null,null,null,null,null,null,null,null,null,null,null,null,null,null,null,null,null,null,null,null,null,null,null
https://data.omgeving.vlaanderen.be/id/concept/riepr/emissiepunt-eigenschappen-selectiemogelijkheden/grondwater,http://www.w3.org/2004/02/skos/core#Concept,https://data.omgeving.vlaanderen.be/id/conceptscheme/riepr/lozingspunt_lozingsplaats,null,Grondwater,https://data.omgeving.vlaanderen.be/id/conceptscheme/riepr/lozingspunt_lozingsplaats,null,null,https://data.omgeving.vlaanderen.be/id/concept/riepr/emissiepunt-eigenschappen-selectiemogelijkheden/grondwater,2026-10-07T06:07:35.969Z,null,null,null,null,null,null,null,null,null,null,null,null,null,null,null,null,null,null,null,null,null,null,null,null,null,null,null,null,null
https://data.omgeving.vlaanderen.be/id/concept/riepr/emissiepunt-eigenschappen-selectiemogelijkheden/oppervlaktewater,http://www.w3.org/2004/02/skos/core#Concept,https://data.omgeving.vlaanderen.be/id/conceptscheme/riepr/lozingspunt_lozingsplaats,null,Oppervlaktewater,https://data.omgeving.vlaanderen.be/id/conceptscheme/riepr/lozingspunt_lozingsplaats,null,null,https://data.omgeving.vlaanderen.be/id/concept/riepr/emissiepunt-eigenschappen-selectiemogelijkheden/oppervlaktewater,2026-10-07T06:07:35.969Z,null,null,null,null,null,null,null,null,null,null,null,null,null,null,null,null,null,null,null,null,null,null,null,null,null,null,null,null,null
https://data.omgeving.vlaanderen.be/id/concept/riepr/emissiepunt-eigenschappen-selectiemogelijkheden/riool,http://www.w3.org/2004/02/skos/core#Concept,https://data.omgeving.vlaanderen.be/id/conceptscheme/riepr/lozingspunt_lozingsplaats,null,Riool,https://data.omgeving.vlaanderen.be/id/conceptscheme/riepr/lozingspunt_lozingsplaats,null,null,https://data.omgeving.vlaanderen.be/id/concept/riepr/emissiepunt-eigenschappen-selectiemogelijkheden/riool,2026-10-07T06:07:35.969Z,null,null,null,null,null,null,null,null,null,null,null,null,null,null,null,null,null,null,null,null,null,null,null,null,null,null,null,null,null
https://data.omgeving.vlaanderen.be/id/concept/riepr/emissiepunt-eigenschappen/aantalpunten,http://www.w3.org/2004/02/skos/core#Concept,https://data.omgeving.vlaanderen.be/id/conceptscheme/riepr/emissiepunt_eigenschappen,null,Aantal uitstroompunten,https://data.omgeving.vlaanderen.be/id/conceptscheme/riepr/emissiepunt_eigenschappen,null,http://www.w3.org/2001/XMLSchema#integer,null,null,2026-10-07T06:07:35.969Z,https://data.omgeving.vlaanderen.be/id/conceptscheme/riepr/systeem_eigenschappen,https://purl.archive.org/adms/status/Active,https://data.omgeving.vlaanderen.be/id/concept/riepr/emissiepunt-type/schoorsteen,null,null,null,null,null,null,null,null,null,null,null,null,null,null,null,null,null,null,null,null,null,null,null,null,null
https://data.omgeving.vlaanderen.be/id/concept/riepr/emissiepunt-eigenschappen/lozingspunt-lozingsplaats,http://www.w3.org/2004/02/skos/core#Concept,https://data.omgeving.vlaanderen.be/id/conceptscheme/riepr/emissiepunt_eigenschappen,null,Lozingsplaats,https://data.omgeving.vlaanderen.be/id/conceptscheme/riepr/emissiepunt_eigenschappen,null,null,https://data.omgeving.vlaanderen.be/id/concept/riepr/emissiepunt-eigenschappen/lozingspunt-lozingsplaats,2026-10-07T06:07:35.969Z,null,https://data.omgeving.vlaanderen.be/id/conceptscheme/riepr/systeem_eigenschappen,null,https://data.omgeving.vlaanderen.be/id/concept/riepr/emissiepunt-type/lozingspunt,https://data.omgeving.vlaanderen.be/id/conceptscheme/riepr/lozingspunt_lozingsplaats,null,null,null,null,null,null,null,null,null,null,null,null,null,null,null,null,null,null,null,null,null,null,null,null
https://data.omgeving.vlaanderen.be/id/concept/riepr/emissiepunt-eigenschappen/schouw-diameter,http://www.w3.org/2004/02/skos/core#Concept,https://data.omgeving.vlaanderen.be/id/conceptscheme/riepr/emissiepunt_eigenschappen,null,Diameter van de schouw,https://data.omgeving.vlaanderen.be/id/conceptscheme/riepr/emissiepunt_eigenschappen,null,http://www.w3.org/2001/XMLSchema#decimal,https://data.omgeving.vlaanderen.be/id/concept/riepr/emissiepunt-eigenschappen/schouw-diameter,2026-10-07T06:07:35.969Z,null,https://data.omgeving.vlaanderen.be/id/conceptscheme/riepr/systeem_eigenschappen,null,https://data.omgeving.vlaanderen.be/id/concept/riepr/emissiepunt-type/schoorsteen,null,http://qudt.org/vocab/unit/M,null,null,null,null,null,null,null,null,null,null,null,null,null,null,null,null,null,null,null,null,null,null,null
https://data.omgeving.vlaanderen.be/id/concept/riepr/emissiepunt-eigenschappen/schouw-hoogte,http://www.w3.org/2004/02/skos/core#Concept,https://data.omgeving.vlaanderen.be/id/conceptscheme/riepr/emissiepunt_eigenschappen,null,Hoogte van de schouw,https://data.omgeving.vlaanderen.be/id/conceptscheme/riepr/emissiepunt_eigenschappen,null,http://www.w3.org/2001/XMLSchema#decimal,https://data.omgeving.vlaanderen.be/id/concept/riepr/emissiepunt-eigenschappen/schouw-hoogte,2026-10-07T06:07:35.969Z,null,https://data.omgeving.vlaanderen.be/id/conceptscheme/riepr/systeem_eigenschappen,null,https://data.omgeving.vlaanderen.be/id/concept/riepr/emissiepunt-type/schoorsteen,null,http://qudt.org/vocab/unit/M,null,null,null,null,null,null,null,null,null,null,null,null,null,null,null,null,null,null,null,null,null,null,null
https://data.omgeving.vlaanderen.be/id/concept/riepr/emissiepunt-type/emissiepunt,http://www.w3.org/2004/02/skos/core#Concept,https://data.omgeving.vlaanderen.be/id/conceptscheme/riepr/emissiepunt_type,null,Emissiepunt,https://data.omgeving.vlaanderen.be/id/conceptscheme/riepr/emissiepunt_type,null,null,https://data.omgeving.vlaanderen.be/id/concept/riepr/emissiepunt-type/emissiepunt,2026-10-07T06:07:35.969Z,null,https://data.omgeving.vlaanderen.be/id/conceptscheme/riepr/systeem_type,null,null,null,null,Een regulier emissiepunt.,Een regulier emissiepunt.,true,null,null,null,null,null,null,null,null,null,null,null,null,null,null,null,null,null,null,null,null
https://data.omgeving.vlaanderen.be/id/concept/riepr/emissiepunt-type/fakkel,http://www.w3.org/2004/02/skos/core#Concept,https://data.omgeving.vlaanderen.be/id/conceptscheme/riepr/emissiepunt_type,null,Fakkel,https://data.omgeving.vlaanderen.be/id/conceptscheme/riepr/emissiepunt_type,null,null,https://data.omgeving.vlaanderen.be/id/concept/riepr/emissiepunt-type/fakkel,2026-10-07T06:07:35.969Z,null,https://data.omgeving.vlaanderen.be/id/conceptscheme/riepr/systeem_type,null,null,null,null,Een apparaat bestemd voor de afgassen in noodsituaties,Een apparaat bestemd voor de afgassen in noodsituaties,true,null,null,null,null,null,null,null,null,null,null,null,null,null,null,null,null,null,null,null,null
https://data.omgeving.vlaanderen.be/id/concept/riepr/emissiepunt-type/gebouw,http://www.w3.org/2004/02/skos/core#Concept,https://data.omgeving.vlaanderen.be/id/conceptscheme/riepr/emissiepunt_type,null,Gebouw,https://data.omgeving.vlaanderen.be/id/conceptscheme/riepr/emissiepunt_type,null,null,https://data.omgeving.vlaanderen.be/id/concept/riepr/emissiepunt-type/gebouw,2026-10-07T06:07:35.969Z,null,https://data.omgeving.vlaanderen.be/id/conceptscheme/riepr/systeem_type,null,null,null,null,ongeleide emissie uit een gebouw,ongeleide emissie uit een gebouw,true,null,null,null,null,null,null,null,null,null,null,null,null,null,null,null,null,null,null,null,null
https://data.omgeving.vlaanderen.be/id/concept/riepr/emissiepunt-type/lozingspunt,http://www.w3.org/2004/02/skos/core#Concept,https://data.omgeving.vlaanderen.be/id/conceptscheme/riepr/emissiepunt_type,null,Lozingspunt,https://data.omgeving.vlaanderen.be/id/conceptscheme/riepr/emissiepunt_type,null,null,https://data.omgeving.vlaanderen.be/id/concept/riepr/emissiepunt-type/lozingspunt,2026-10-07T06:07:35.969Z,null,https://data.omgeving.vlaanderen.be/id/conceptscheme/riepr/systeem_type,null,null,null,null,Een lozing naar water.,Een lozing naar water.,true,null,null,null,null,null,null,null,null,null,null,null,null,null,null,null,null,null,null,null,null
https://data.omgeving.vlaanderen.be/id/concept/riepr/emissiepunt-type/schoorsteen,http://www.w3.org/2004/02/skos/core#Concept,https://data.omgeving.vlaanderen.be/id/conceptscheme/riepr/emissiepunt_type,null,Schoorsteen,https://data.omgeving.vlaanderen.be/id/conceptscheme/riepr/emissiepunt_type,null,null,https://data.omgeving.vlaanderen.be/id/concept/riepr/emissiepunt-type/schoorsteen,2026-10-07T06:07:35.969Z,null,https://data.omgeving.vlaanderen.be/id/conceptscheme/riepr/systeem_type,null,null,null,null,Een schoorsteen.,Een schoorsteen.,true,https://data.omgeving.vlaanderen.be/id/concept/riepr/emissiepunt-type/schoorsteen_horizontale_uitstroom|https://data.omgeving.vlaanderen.be/id/concept/riepr/emissiepunt-type/schoorsteen_verticale_uitstroom,https://data.omgeving.vlaanderen.be/id/concept/riepr/emissiepunt-type/schoorsteen_horizontale_uitstroom|https://data.omgeving.vlaanderen.be/id/concept/riepr/emissiepunt-type/schoorsteen_verticale_uitstroom,https://data.omgeving.vlaanderen.be/id/concept/riepr/emissiepunt-type/schoorsteen_horizontale_uitstroom|https://data.omgeving.vlaanderen.be/id/concept/riepr/emissiepunt-type/schoorsteen_verticale_uitstroom,null,null,null,null,null,null,null,null,null,null,null,null,null,null,null,null,null
https://data.omgeving.vlaanderen.be/id/concept/riepr/emissiepunt-type/schoorsteen_horizontale_uitstroom,http://www.w3.org/2004/02/skos/core#Concept,https://data.omgeving.vlaanderen.be/id/conceptscheme/riepr/emissiepunt_type,null,Schoorsteen met horizontale uitstroom,null,null,null,https://data.omgeving.vlaanderen.be/id/concept/riepr/emissiepunt-type/schoorsteen_horizontale_uitstroom,2026-10-07T06:07:35.969Z,null,null,null,null,null,null,Een schoorsteen met een horizontale uitstroom,Een schoorsteen met een horizontale uitstroom,true,null,null,https://data.omgeving.vlaanderen.be/id/concept/riepr/emissiepunt-type/schoorsteen,https://data.omgeving.vlaanderen.be/id/concept/riepr/emissiepunt-type/schoorsteen,https://data.omgeving.vlaanderen.be/id/concept/riepr/emissiepunt-type/schoorsteen,null,null,null,null,null,null,null,null,null,null,null,null,null,null,null
https://data.omgeving.vlaanderen.be/id/concept/riepr/emissiepunt-type/schoorsteen_verticale_uitstroom,http://www.w3.org/2004/02/skos/core#Concept,https://data.omgeving.vlaanderen.be/id/conceptscheme/riepr/emissiepunt_type,null,Schoorsteen met verticale uitstroom,null,null,null,https://data.omgeving.vlaanderen.be/id/concept/riepr/emissiepunt-type/schoorsteen_verticale_uitstroom,2026-10-07T06:07:35.969Z,null,null,null,null,null,null,Een schoorsteen met een verticale uitstroom,Een schoorsteen met een verticale uitstroom,true,null,null,https://data.omgeving.vlaanderen.be/id/concept/riepr/emissiepunt-type/schoorsteen,https://data.omgeving.vlaanderen.be/id/concept/riepr/emissiepunt-type/schoorsteen,https://data.omgeving.vlaanderen.be/id/concept/riepr/emissiepunt-type/schoorsteen,null,null,null,null,null,null,null,null,null,null,null,null,null,null,null
https://data.omgeving.vlaanderen.be/id/concept/riepr/filter-eigenschappen/diepte,http://www.w3.org/2004/02/skos/core#Concept,https://data.omgeving.vlaanderen.be/id/conceptscheme/riepr/filter_eigenschappen,null,Diepte onderkant van de filter,https://data.omgeving.vlaanderen.be/id/conceptscheme/riepr/filter_eigenschappen,null,http://www.w3.org/2001/XMLSchema#decimal,null,null,2026-10-07T06:07:35.969Z,https://data.omgeving.vlaanderen.be/id/conceptscheme/riepr/systeem_eigenschappen,https://purl.archive.org/adms/status/Active,null,null,http://qudt.org/vocab/unit/M,null,null,null,null,null,null,null,null,null,null,null,null,null,null,null,null,null,null,null,null,null,null,null
https://data.omgeving.vlaanderen.be/id/concept/riepr/filter-eigenschappen/lengte,http://www.w3.org/2004/02/skos/core#Concept,https://data.omgeving.vlaanderen.be/id/conceptscheme/riepr/filter_eigenschappen,null,Lengte van de filter,https://data.omgeving.vlaanderen.be/id/conceptscheme/riepr/filter_eigenschappen,null,http://www.w3.org/2001/XMLSchema#decimal,null,null,2026-10-07T06:07:35.969Z,https://data.omgeving.vlaanderen.be/id/conceptscheme/riepr/systeem_eigenschappen,https://purl.archive.org/adms/status/Active,null,null,http://qudt.org/vocab/unit/M,null,null,null,null,null,null,null,null,null,null,null,null,null,null,null,null,null,null,null,null,null,null,null
https://data.omgeving.vlaanderen.be/id/concept/riepr/filter-eigenschappen/watervoerendeLaag,http://www.w3.org/2004/02/skos/core#Concept,https://data.omgeving.vlaanderen.be/id/conceptscheme/riepr/filter_eigenschappen,null,Watervoerende laag,https://data.omgeving.vlaanderen.be/id/conceptscheme/riepr/filter_eigenschappen,null,null,null,null,2026-10-07T06:07:35.969Z,https://data.omgeving.vlaanderen.be/id/conceptscheme/riepr/systeem_eigenschappen,https://purl.archive.org/adms/status/Active,null,null,null,null,null,null,null,null,null,null,null,null,null,null,null,null,null,null,null,null,null,null,null,null,null,null
https://data.omgeving.vlaanderen.be/id/concept/riepr/filter-type/injectie,http://www.w3.org/2004/02/skos/core#Concept,https://data.omgeving.vlaanderen.be/id/conceptscheme/riepr/filter_type,null,Injectiefilter,https://data.omgeving.vlaanderen.be/id/conceptscheme/riepr/filter_type,null,null,https://data.omgeving.vlaanderen.be/id/concept/riepr/filter-type/injectie,2026-10-07T06:07:35.969Z,null,https://data.omgeving.vlaanderen.be/id/conceptscheme/riepr/systeem_type,null,null,null,null,null,null,true,null,null,null,null,null,null,null,null,null,null,null,null,null,null,null,null,null,null,null,null
https://data.omgeving.vlaanderen.be/id/concept/riepr/filter-type/omkeerbaar,http://www.w3.org/2004/02/skos/core#Concept,https://data.omgeving.vlaanderen.be/id/conceptscheme/riepr/filter_type,null,Omkeerbare filter,https://data.omgeving.vlaanderen.be/id/conceptscheme/riepr/filter_type,null,null,https://data.omgeving.vlaanderen.be/id/concept/riepr/filter-type/omkeerbaar,2026-10-07T06:07:35.969Z,null,https://data.omgeving.vlaanderen.be/id/conceptscheme/riepr/systeem_type,null,null,null,null,null,null,true,null,null,null,null,null,null,null,null,null,null,null,null,null,null,null,null,null,null,null,null
https://data.omgeving.vlaanderen.be/id/concept/riepr/filter-type/peil,http://www.w3.org/2004/02/skos/core#Concept,https://data.omgeving.vlaanderen.be/id/conceptscheme/riepr/filter_type,null,Peilfilter,https://data.omgeving.vlaanderen.be/id/conceptscheme/riepr/filter_type,null,null,https://data.omgeving.vlaanderen.be/id/concept/riepr/filter-type/peil,2026-10-07T06:07:35.969Z,null,https://data.omgeving.vlaanderen.be/id/conceptscheme/riepr/systeem_type,null,null,null,null,null,null,true,null,null,null,null,null,null,null,null,null,null,null,null,null,null,null,null,null,null,null,null
https://data.omgeving.vlaanderen.be/id/concept/riepr/filter-type/pomp,http://www.w3.org/2004/02/skos/core#Concept,https://data.omgeving.vlaanderen.be/id/conceptscheme/riepr/filter_type,null,Pompfilter,https://data.omgeving.vlaanderen.be/id/conceptscheme/riepr/filter_type,null,null,https://data.omgeving.vlaanderen.be/id/concept/riepr/filter-type/pomp,2026-10-07T06:07:35.969Z,null,https://data.omgeving.vlaanderen.be/id/conceptscheme/riepr/systeem_type,null,null,null,null,null,null,true,null,null,null,null,null,null,null,null,null,null,null,null,null,null,null,null,null,null,null,null
https://data.omgeving.vlaanderen.be/id/concept/riepr/installatie-eigenschappen/geinstalleerd_vermogen,http://www.w3.org/2004/02/skos/core#Concept,https://data.omgeving.vlaanderen.be/id/conceptscheme/riepr/installatie_eigenschappen,null,Geinstalleerd vermogen,https://data.omgeving.vlaanderen.be/id/conceptscheme/riepr/installatie_eigenschappen,null,http://www.w3.org/2001/XMLSchema#decimal,https://data.omgeving.vlaanderen.be/id/concept/riepr/installatie-eigenschappen/geinstalleerd_vermogen,2026-10-07T06:07:35.969Z,null,https://data.omgeving.vlaanderen.be/id/conceptscheme/riepr/systeem_eigenschappen,null,https://data.omgeving.vlaanderen.be/id/concept/riepr/installatie-type/stookinstallatie,null,http://qudt.org/vocab/unit/MegaW,Het geïnstalleerde vermogen van een Stookinstallatie,Het geïnstalleerde vermogen van een Stookinstallatie,null,null,null,null,null,null,true,null,null,null,null,null,null,null,null,null,null,null,null,null,null
https://data.omgeving.vlaanderen.be/id/concept/riepr/installatie-eigenschappen/geinstalleerde_opslagcapaciteit,http://www.w3.org/2004/02/skos/core#Concept,https://data.omgeving.vlaanderen.be/id/conceptscheme/riepr/installatie_eigenschappen,null,Geinstalleerde opslagcapaciteit,https://data.omgeving.vlaanderen.be/id/conceptscheme/riepr/installatie_eigenschappen,null,null,https://data.omgeving.vlaanderen.be/id/concept/riepr/installatie-eigenschappen/geinstalleerde_opslagcapaciteit,2026-10-07T06:07:35.969Z,null,https://data.omgeving.vlaanderen.be/id/conceptscheme/riepr/systeem_eigenschappen,null,https://data.omgeving.vlaanderen.be/id/concept/riepr/installatie-type/opslag_overslag,null,null,De geïnstalleerde opslagcapaciteit,De geïnstalleerde opslagcapaciteit,null,null,null,null,null,null,null,null,null,null,null,null,null,null,null,null,null,null,null,null,null
https://data.omgeving.vlaanderen.be/id/concept/riepr/installatie-eigenschappen/geinstalleerde_productiecapaciteit,http://www.w3.org/2004/02/skos/core#Concept,https://data.omgeving.vlaanderen.be/id/conceptscheme/riepr/installatie_eigenschappen,null,Geinstalleerde productiecapaciteit,https://data.omgeving.vlaanderen.be/id/conceptscheme/riepr/installatie_eigenschappen,null,null,https://data.omgeving.vlaanderen.be/id/concept/riepr/installatie-eigenschappen/geinstalleerde_productiecapaciteit,2026-10-07T06:07:35.969Z,null,https://data.omgeving.vlaanderen.be/id/conceptscheme/riepr/systeem_eigenschappen,null,https://data.omgeving.vlaanderen.be/id/conceptscheme/riepr/installatie_type,null,null,De geïnstalleerde productiecapaciteit van een installatie,De geïnstalleerde productiecapaciteit van een installatie,null,null,null,null,null,null,null,null,null,null,null,null,null,null,null,null,null,null,null,null,null
https://data.omgeving.vlaanderen.be/id/concept/riepr/installatie-eigenschappen/luchtzuiverings_techniek,http://www.w3.org/2004/02/skos/core#Concept,https://data.omgeving.vlaanderen.be/id/conceptscheme/riepr/installatie_eigenschappen,null,Luchtzuiveringstechniek,https://data.omgeving.vlaanderen.be/id/conceptscheme/riepr/installatie_eigenschappen,null,null,https://data.omgeving.vlaanderen.be/id/concept/riepr/installatie-eigenschappen/luchtzuiverings_techniek,2026-10-07T06:07:35.969Z,null,https://data.omgeving.vlaanderen.be/id/conceptscheme/riepr/systeem_eigenschappen,null,null,null,null,Een beschrijving van de toegepaste luchtzuiveringstechniek,Een beschrijving van de toegepaste luchtzuiveringstechniek,null,null,null,null,null,null,null,null,null,null,null,null,null,null,null,null,null,null,null,null,null
https://data.omgeving.vlaanderen.be/id/concept/riepr/installatie-eigenschappen/type_energie_productie,http://www.w3.org/2004/02/skos/core#Concept,https://data.omgeving.vlaanderen.be/id/conceptscheme/riepr/installatie_eigenschappen,null,Type energieproductie,https://data.omgeving.vlaanderen.be/id/conceptscheme/riepr/installatie_eigenschappen,null,null,https://data.omgeving.vlaanderen.be/id/concept/riepr/installatie-eigenschappen/type_energie_productie,2026-10-07T06:07:35.969Z,null,https://data.omgeving.vlaanderen.be/id/conceptscheme/riepr/systeem_eigenschappen,null,https://data.omgeving.vlaanderen.be/id/concept/riepr/installatie-type/stookinstallatie,null,null,Het type energie dat een stookinstallatie produceert,Het type energie dat een stookinstallatie produceert,null,null,null,null,null,null,null,null,null,null,null,null,null,null,null,null,null,null,null,null,null
https://data.omgeving.vlaanderen.be/id/concept/riepr/installatie-eigenschappen/verwijderingsrendement,http://www.w3.org/2004/02/skos/core#Concept,https://data.omgeving.vlaanderen.be/id/conceptscheme/riepr/installatie_eigenschappen,null,Verwijderingsrendement,https://data.omgeving.vlaanderen.be/id/conceptscheme/riepr/installatie_eigenschappen,null,null,https://data.omgeving.vlaanderen.be/id/concept/riepr/installatie-eigenschappen/verwijderingsrendement,2026-10-07T06:07:35.969Z,null,https://data.omgeving.vlaanderen.be/id/conceptscheme/riepr/systeem_eigenschappen,null,null,null,null,Samengestelde eigenschap voor verwijderingsrendement (stof en percentage).,Samengestelde eigenschap voor verwijderingsrendement (stof en percentage).,null,null,null,null,null,null,null,https://data.omgeving.vlaanderen.be/id/concept/riepr/installatie-eigenschappen/verwijderingsrendement_percentage|https://data.omgeving.vlaanderen.be/id/concept/riepr/installatie-eigenschappen/verwijderingsrendement_stof,true,null,null,null,null,null,null,null,null,null,null,null,null
https://data.omgeving.vlaanderen.be/id/concept/riepr/installatie-eigenschappen/verwijderingsrendement_percentage,http://www.w3.org/2004/02/skos/core#Concept,https://data.omgeving.vlaanderen.be/id/conceptscheme/riepr/installatie_eigenschappen,null,Rendement,null,null,http://www.w3.org/2001/XMLSchema#decimal,https://data.omgeving.vlaanderen.be/id/concept/riepr/installatie-eigenschappen/verwijderingsrendement_percentage,2026-10-07T06:07:35.969Z,null,null,null,null,null,http://qudt.org/vocab/unit/PERCENT,Het % waarmee de verontreinigende stof door de luchtzuivering wordt verwijderd,Het % waarmee de verontreinigende stof door de luchtzuivering wordt verwijderd,null,null,null,null,null,null,null,null,null,https://data.omgeving.vlaanderen.be/id/concept/riepr/installatie-eigenschappen/verwijderingsrendement,null,null,null,null,null,null,null,null,null,null,null
https://data.omgeving.vlaanderen.be/id/concept/riepr/installatie-eigenschappen/verwijderingsrendement_stof,http://www.w3.org/2004/02/skos/core#Concept,https://data.omgeving.vlaanderen.be/id/conceptscheme/riepr/installatie_eigenschappen,null,Stof,null,null,null,https://data.omgeving.vlaanderen.be/id/concept/riepr/installatie-eigenschappen/verwijderingsrendement_stof,2026-10-07T06:07:35.969Z,null,null,null,https://data.omgeving.vlaanderen.be/id/concept/riepr/installatie-type/luchtzuivering,https://data.omgeving.vlaanderen.be/id/conceptscheme/chemische_stof,null,De verontreinigende stoffen en broeikasgassen die door de luchtzuivering verwijderd worden,De verontreinigende stoffen en broeikasgassen die door de luchtzuivering verwijderd worden,null,null,null,null,null,null,null,null,null,https://data.omgeving.vlaanderen.be/id/concept/riepr/installatie-eigenschappen/verwijderingsrendement,null,null,null,null,null,null,null,null,null,null,null
https://data.omgeving.vlaanderen.be/id/concept/riepr/installatie-eigenschappen/waterzuiveringstechniek,http://www.w3.org/2004/02/skos/core#Concept,https://data.omgeving.vlaanderen.be/id/conceptscheme/riepr/installatie_eigenschappen,null,Waterzuiveringstechniek,https://data.omgeving.vlaanderen.be/id/conceptscheme/riepr/installatie_eigenschappen,null,null,https://data.omgeving.vlaanderen.be/id/concept/riepr/installatie-eigenschappen/waterzuiveringstechniek,2026-10-07T06:07:35.969Z,null,https://data.omgeving.vlaanderen.be/id/conceptscheme/riepr/systeem_eigenschappen,null,https://data.omgeving.vlaanderen.be/id/concept/riepr/installatie-type/waterzuivering,null,null,Samengestelde eigenschap voor waterzuiveringstechniek.,Samengestelde eigenschap voor waterzuiveringstechniek.,null,null,null,null,null,null,null,https://data.omgeving.vlaanderen.be/id/concept/riepr/installatie-eigenschappen/waterzuiveringstechniek_ingebruikvan|https://data.omgeving.vlaanderen.be/id/concept/riepr/installatie-eigenschappen/waterzuiveringstechniek_techniek,true,null,null,null,null,null,null,null,null,null,null,null,null
https://data.omgeving.vlaanderen.be/id/concept/riepr/installatie-eigenschappen/waterzuiveringstechniek_ingebruikvan,http://www.w3.org/2004/02/skos/core#Concept,https://data.omgeving.vlaanderen.be/id/conceptscheme/riepr/installatie_eigenschappen,null,Techniek in gebruik van,null,null,http://www.w3.org/2001/XMLSchema#date,https://data.omgeving.vlaanderen.be/id/concept/riepr/installatie-eigenschappen/waterzuiveringstechniek_ingebruikvan,2026-10-07T06:07:35.969Z,null,null,null,null,null,null,De datum van ingebruikname van de waterzuiveringstechniek.,De datum van ingebruikname van de waterzuiveringstechniek.,null,null,null,null,null,null,true,null,null,https://data.omgeving.vlaanderen.be/id/concept/riepr/installatie-eigenschappen/waterzuiveringstechniek,null,null,null,null,null,null,null,null,null,null,null
https://data.omgeving.vlaanderen.be/id/concept/riepr/installatie-eigenschappen/waterzuiveringstechniek_techniek,http://www.w3.org/2004/02/skos/core#Concept,https://data.omgeving.vlaanderen.be/id/conceptscheme/riepr/installatie_eigenschappen,null,Techniek,null,null,null,https://data.omgeving.vlaanderen.be/id/concept/riepr/installatie-eigenschappen/waterzuiveringstechniek_techniek,2026-10-07T06:07:35.969Z,null,null,null,null,https://vito.be/codelijst/techniek,null,De techniek gebruikt voor de zuivering van water,De techniek gebruikt voor de zuivering van water,null,null,null,null,null,null,true,null,null,https://data.omgeving.vlaanderen.be/id/concept/riepr/installatie-eigenschappen/waterzuiveringstechniek,null,null,null,null,null,null,null,null,null,null,null
https://data.omgeving.vlaanderen.be/id/concept/riepr/installatie-type/directe_stookinstallatie,http://www.w3.org/2004/02/skos/core#Concept,https://data.omgeving.vlaanderen.be/id/conceptscheme/riepr/installatie_type,null,Directe Stookinstallatie,null,null,null,https://data.omgeving.vlaanderen.be/id/concept/riepr/installatie-type/directe_stookinstallatie,2026-10-07T06:07:35.969Z,null,null,null,null,null,null,null,null,true,null,null,https://data.omgeving.vlaanderen.be/id/concept/riepr/installatie-type/stookinstallatie,https://data.omgeving.vlaanderen.be/id/concept/riepr/installatie-type/stookinstallatie,https://data.omgeving.vlaanderen.be/id/concept/riepr/installatie-type/stookinstallatie,null,null,null,null,null,null,null,null,null,null,null,null,null,null,null
https://data.omgeving.vlaanderen.be/id/concept/riepr/installatie-type/geothermisch,http://www.w3.org/2004/02/skos/core#Concept,https://data.omgeving.vlaanderen.be/id/conceptscheme/riepr/installatie_type,null,Geothermische installatie,https://data.omgeving.vlaanderen.be/id/conceptscheme/riepr/installatie_type,null,null,https://data.omgeving.vlaanderen.be/id/concept/riepr/installatie-type/geothermisch,2026-10-07T06:07:35.969Z,null,https://data.omgeving.vlaanderen.be/id/conceptscheme/riepr/systeem_type,null,null,null,null,null,null,true,null,null,null,null,null,null,null,null,null,null,null,null,null,null,null,null,null,null,null,null
https://data.omgeving.vlaanderen.be/id/concept/riepr/installatie-type/gpbv,http://www.w3.org/2004/02/skos/core#Concept,https://data.omgeving.vlaanderen.be/id/conceptscheme/riepr/installatie_type,null,GPBV Installatie,https://data.omgeving.vlaanderen.be/id/conceptscheme/riepr/installatie_type,null,null,https://data.omgeving.vlaanderen.be/id/concept/riepr/installatie-type/gpbv,2026-10-07T06:07:35.969Z,null,https://data.omgeving.vlaanderen.be/id/conceptscheme/riepr/systeem_type,null,null,null,null,null,null,true,null,null,null,null,null,null,null,null,null,true,null,null,null,null,null,null,null,null,null,null
https://data.omgeving.vlaanderen.be/id/concept/riepr/installatie-type/installatie,http://www.w3.org/2004/02/skos/core#Concept,https://data.omgeving.vlaanderen.be/id/conceptscheme/riepr/installatie_type,null,Installatie,https://data.omgeving.vlaanderen.be/id/conceptscheme/riepr/installatie_type,null,null,https://data.omgeving.vlaanderen.be/id/concept/riepr/installatie-type/installatie,2026-10-07T06:07:35.969Z,null,https://data.omgeving.vlaanderen.be/id/conceptscheme/riepr/systeem_type,null,null,null,null,null,null,true,null,null,null,null,null,null,null,null,null,true,null,null,null,null,null,null,null,null,null,null
https://data.omgeving.vlaanderen.be/id/concept/riepr/installatie-type/luchtzuivering,http://www.w3.org/2004/02/skos/core#Concept,https://data.omgeving.vlaanderen.be/id/conceptscheme/riepr/installatie_type,null,Luchtzuiveringsinstallatie,https://data.omgeving.vlaanderen.be/id/conceptscheme/riepr/installatie_type,null,null,https://data.omgeving.vlaanderen.be/id/concept/riepr/installatie-type/luchtzuivering,2026-10-07T06:07:35.969Z,null,https://data.omgeving.vlaanderen.be/id/conceptscheme/riepr/systeem_type,null,null,null,null,null,null,true,null,null,null,null,null,null,null,null,null,null,null,null,null,null,null,null,null,null,null,null
https://data.omgeving.vlaanderen.be/id/concept/riepr/installatie-type/opslag_overslag,http://www.w3.org/2004/02/skos/core#Concept,https://data.omgeving.vlaanderen.be/id/conceptscheme/riepr/installatie_type,null,Opslag/Overslag,https://data.omgeving.vlaanderen.be/id/conceptscheme/riepr/installatie_type,null,null,https://data.omgeving.vlaanderen.be/id/concept/riepr/installatie-type/opslag_overslag,2026-10-07T06:07:35.969Z,null,https://data.omgeving.vlaanderen.be/id/conceptscheme/riepr/systeem_type,null,null,null,null,Een beschrijving van het soort opslag/overslag installatie,Een beschrijving van het soort opslag/overslag installatie,true,null,null,null,null,null,null,null,null,null,null,null,null,null,null,null,null,null,null,null,null
https://data.omgeving.vlaanderen.be/id/concept/riepr/installatie-type/stookinstallatie,http://www.w3.org/2004/02/skos/core#Concept,https://data.omgeving.vlaanderen.be/id/conceptscheme/riepr/installatie_type,null,Stookinstallatie,https://data.omgeving.vlaanderen.be/id/conceptscheme/riepr/installatie_type,null,null,https://data.omgeving.vlaanderen.be/id/concept/riepr/installatie-type/stookinstallatie,2026-10-07T06:07:35.969Z,null,https://data.omgeving.vlaanderen.be/id/conceptscheme/riepr/systeem_type,null,null,null,null,null,null,true,https://data.omgeving.vlaanderen.be/id/concept/riepr/installatie-type/directe_stookinstallatie,https://data.omgeving.vlaanderen.be/id/concept/riepr/installatie-type/directe_stookinstallatie,https://data.omgeving.vlaanderen.be/id/concept/riepr/installatie-type/directe_stookinstallatie,null,null,null,null,null,null,null,null,null,null,null,null,null,null,null,null,null
https://data.omgeving.vlaanderen.be/id/concept/riepr/installatie-type/waterzuivering,http://www.w3.org/2004/02/skos/core#Concept,https://data.omgeving.vlaanderen.be/id/conceptscheme/riepr/installatie_type,null,Waterzuiveringsinstallatie,https://data.omgeving.vlaanderen.be/id/conceptscheme/riepr/installatie_type,null,null,https://data.omgeving.vlaanderen.be/id/concept/riepr/installatie-type/waterzuivering,2026-10-07T06:07:35.969Z,null,https://data.omgeving.vlaanderen.be/id/conceptscheme/riepr/systeem_type,null,null,null,null,null,null,true,null,null,null,null,null,null,null,null,null,null,null,null,null,null,null,null,null,null,null,null
https://data.omgeving.vlaanderen.be/id/concept/riepr/meetpunt-eigenschappen/diepte,http://www.w3.org/2004/02/skos/core#Concept,https://data.omgeving.vlaanderen.be/id/conceptscheme/riepr/meetpunt_eigenschappen,null,Diepte,https://data.omgeving.vlaanderen.be/id/conceptscheme/riepr/meetpunt_eigenschappen,null,http://www.w3.org/2001/XMLSchema#decimal,https://data.omgeving.vlaanderen.be/id/concept/riepr/meetpunt-eigenschappen/diepte,2026-10-07T06:07:35.969Z,null,https://data.omgeving.vlaanderen.be/id/conceptscheme/riepr/systeem_eigenschappen,null,https://data.omgeving.vlaanderen.be/id/concept/riepr/meetpunt-type/peilput,null,http://qudt.org/vocab/unit/M,null,null,null,null,null,null,null,null,true,null,null,null,null,null,null,null,null,null,null,null,null,null,null
https://data.omgeving.vlaanderen.be/id/concept/riepr/meetpunt-eigenschappen/referentiepunt,http://www.w3.org/2004/02/skos/core#Concept,https://data.omgeving.vlaanderen.be/id/conceptscheme/riepr/meetpunt_eigenschappen,null,Referentiepunt,https://data.omgeving.vlaanderen.be/id/conceptscheme/riepr/meetpunt_eigenschappen,null,null,https://data.omgeving.vlaanderen.be/id/concept/riepr/meetpunt-eigenschappen/referentiepunt,2026-10-07T06:07:35.969Z,null,https://data.omgeving.vlaanderen.be/id/conceptscheme/riepr/systeem_eigenschappen,null,null,null,null,Samengestelde eigenschap voor referentiepunt (naam en hoogte in meter).,Samengestelde eigenschap voor referentiepunt (naam en hoogte in meter).,null,null,null,null,null,null,null,https://data.omgeving.vlaanderen.be/id/concept/riepr/meetpunt-eigenschappen/referentiepunt_diepte|https://data.omgeving.vlaanderen.be/id/concept/riepr/meetpunt-eigenschappen/referentiepunt_naam,true,null,null,null,null,null,null,null,null,null,null,null,null
https://data.omgeving.vlaanderen.be/id/concept/riepr/meetpunt-eigenschappen/referentiepunt_diepte,http://www.w3.org/2004/02/skos/core#Concept,https://data.omgeving.vlaanderen.be/id/conceptscheme/riepr/meetpunt_eigenschappen,null,Diepte,null,null,http://www.w3.org/2001/XMLSchema#decimal,https://data.omgeving.vlaanderen.be/id/concept/riepr/meetpunt-eigenschappen/referentiepunt_diepte,2026-10-07T06:07:35.969Z,null,null,null,https://data.omgeving.vlaanderen.be/id/concept/riepr/meetpunt-type/peilput,null,http://qudt.org/vocab/unit/M,null,null,null,null,null,null,null,null,null,null,false,https://data.omgeving.vlaanderen.be/id/concept/riepr/meetpunt-eigenschappen/referentiepunt,null,null,null,null,null,null,null,null,null,null,null
https://data.omgeving.vlaanderen.be/id/concept/riepr/meetpunt-eigenschappen/referentiepunt_naam,http://www.w3.org/2004/02/skos/core#Concept,https://data.omgeving.vlaanderen.be/id/conceptscheme/riepr/meetpunt_eigenschappen,null,Naam,null,null,http://www.w3.org/2001/XMLSchema#string,https://data.omgeving.vlaanderen.be/id/concept/riepr/meetpunt-eigenschappen/referentiepunt_naam,2026-10-07T06:07:35.969Z,null,null,null,https://data.omgeving.vlaanderen.be/id/concept/riepr/meetpunt-type/peilput,null,null,null,null,null,null,null,null,null,null,null,null,false,https://data.omgeving.vlaanderen.be/id/concept/riepr/meetpunt-eigenschappen/referentiepunt,null,null,null,null,null,null,null,null,null,null,null
https://data.omgeving.vlaanderen.be/id/concept/riepr/meetpunt-type/controleinrichting,http://www.w3.org/2004/02/skos/core#Concept,https://data.omgeving.vlaanderen.be/id/conceptscheme/riepr/meetpunt_type,null,Controleinrichting,https://data.omgeving.vlaanderen.be/id/conceptscheme/riepr/meetpunt_type,null,null,https://data.omgeving.vlaanderen.be/id/concept/riepr/meetpunt-type/controleinrichting,2026-10-07T06:07:35.969Z,null,https://data.omgeving.vlaanderen.be/id/conceptscheme/riepr/systeem_type,null,null,null,null,Een controleinrichting is een meetpunt voorafgaand een lozingspunt of na een opnamepunt.,Een controleinrichting is een meetpunt voorafgaand een lozingspunt of na een opnamepunt.,true,null,null,null,null,null,null,null,null,null,null,null,null,null,null,null,null,null,null,null,null
https://data.omgeving.vlaanderen.be/id/concept/riepr/meetpunt-type/debietmeter,http://www.w3.org/2004/02/skos/core#Concept,https://data.omgeving.vlaanderen.be/id/conceptscheme/riepr/meetpunt_type,null,Debietmeter,https://data.omgeving.vlaanderen.be/id/conceptscheme/riepr/meetpunt_type,null,null,https://data.omgeving.vlaanderen.be/id/concept/riepr/meetpunt-type/debietmeter,2026-10-07T06:07:35.969Z,null,https://data.omgeving.vlaanderen.be/id/conceptscheme/riepr/systeem_type,null,null,null,null,Een meetinrichting is een meetpunt voor een pompput.,Een meetinrichting is een meetpunt voor een pompput.,true,null,null,null,null,null,null,null,null,null,null,null,null,null,null,null,null,null,null,null,null
https://data.omgeving.vlaanderen.be/id/concept/riepr/meetpunt-type/peilput,http://www.w3.org/2004/02/skos/core#Concept,https://data.omgeving.vlaanderen.be/id/conceptscheme/riepr/meetpunt_type,null,Peilput,https://data.omgeving.vlaanderen.be/id/conceptscheme/riepr/meetpunt_type,null,null,https://data.omgeving.vlaanderen.be/id/concept/riepr/meetpunt-type/peilput,2026-10-07T06:07:35.969Z,null,https://data.omgeving.vlaanderen.be/id/conceptscheme/riepr/systeem_type,null,null,null,null,Een peilput is een put voor het meting van het grondwaterpeil en de kwaliteit van het grondwater,Een peilput is een put voor het meting van het grondwaterpeil en de kwaliteit van het grondwater,true,null,null,null,null,null,null,null,null,null,null,null,null,null,null,null,null,null,null,null,null
https://data.omgeving.vlaanderen.be/id/concept/riepr/onttrekkingspunt-eigenschappen/diepte,http://www.w3.org/2004/02/skos/core#Concept,https://data.omgeving.vlaanderen.be/id/conceptscheme/riepr/onttrekkingspunt_eigenschappen,null,Diepte van een pompput,https://data.omgeving.vlaanderen.be/id/conceptscheme/riepr/onttrekkingspunt_eigenschappen,null,http://www.w3.org/2001/XMLSchema#decimal,https://data.omgeving.vlaanderen.be/id/concept/riepr/onttrekkingspunt-eigenschappen/diepte,2026-10-07T06:07:35.969Z,null,https://data.omgeving.vlaanderen.be/id/conceptscheme/riepr/systeem_eigenschappen,null,https://data.omgeving.vlaanderen.be/id/concept/riepr/onttrekkingspunt-type/pompput,null,http://qudt.org/vocab/unit/M,null,null,null,null,null,null,null,null,null,null,null,null,null,null,null,null,null,null,null,null,null,null,null
https://data.omgeving.vlaanderen.be/id/concept/riepr/onttrekkingspunt-eigenschappen/watervoerendelaag,http://www.w3.org/2004/02/skos/core#Concept,https://data.omgeving.vlaanderen.be/id/conceptscheme/riepr/onttrekkingspunt_eigenschappen,null,Watervoerende laag,https://data.omgeving.vlaanderen.be/id/conceptscheme/riepr/onttrekkingspunt_eigenschappen,null,http://www.w3.org/2001/XMLSchema#decimal,https://data.omgeving.vlaanderen.be/id/concept/riepr/onttrekkingspunt-eigenschappen/watervoerendelaag,2026-10-07T06:07:35.969Z,null,https://data.omgeving.vlaanderen.be/id/conceptscheme/riepr/systeem_eigenschappen,null,https://data.omgeving.vlaanderen.be/id/concept/riepr/onttrekkingspunt-type/pompput,null,null,null,null,null,null,null,null,null,null,null,null,null,null,null,null,null,null,null,null,null,null,null,null,null
https://data.omgeving.vlaanderen.be/id/concept/riepr/onttrekkingspunt-type/opnamepunt,http://www.w3.org/2004/02/skos/core#Concept,https://data.omgeving.vlaanderen.be/id/conceptscheme/riepr/onttrekkingspunt_type,null,Opnamepunt,https://data.omgeving.vlaanderen.be/id/conceptscheme/riepr/onttrekkingspunt_type,null,null,https://data.omgeving.vlaanderen.be/id/concept/riepr/onttrekkingspunt-type/opnamepunt,2026-10-07T06:07:35.969Z,null,https://data.omgeving.vlaanderen.be/id/conceptscheme/riepr/systeem_type,null,null,null,null,Plaats waar het oppervlaktewater wordt gewovoor gebruik in bedrijfsprocessen,Plaats waar het oppervlaktewater wordt gewovoor gebruik in bedrijfsprocessen,true,null,null,null,null,null,null,null,null,null,null,null,null,null,null,null,null,null,null,null,null
https://data.omgeving.vlaanderen.be/id/concept/riepr/onttrekkingspunt-type/pompput,http://www.w3.org/2004/02/skos/core#Concept,https://data.omgeving.vlaanderen.be/id/conceptscheme/riepr/onttrekkingspunt_type,null,Pompput,https://data.omgeving.vlaanderen.be/id/conceptscheme/riepr/onttrekkingspunt_type,null,null,https://data.omgeving.vlaanderen.be/id/concept/riepr/onttrekkingspunt-type/pompput,2026-10-07T06:07:35.969Z,null,https://data.omgeving.vlaanderen.be/id/conceptscheme/riepr/systeem_type,null,null,null,null,Een put voor de winning van grondwater,Een put voor de winning van grondwater,true,null,null,null,null,null,null,null,null,null,null,null,null,null,null,null,null,null,null,null,null
https://data.omgeving.vlaanderen.be/id/concept/riepr/operationeel-bepalingsmethode/berekend,http://www.w3.org/2004/02/skos/core#Concept,https://data.omgeving.vlaanderen.be/id/conceptscheme/riepr/operationeel_bepalingsmethode,null,Berekend,https://data.omgeving.vlaanderen.be/id/conceptscheme/riepr/operationeel_bepalingsmethode,null,null,null,null,null,null,null,null,null,null,null,null,null,null,null,null,null,null,null,null,null,null,null,null,null,null,null,null,null,null,null,null,null
https://data.omgeving.vlaanderen.be/id/concept/riepr/operationeel-bepalingsmethode/gemeten,http://www.w3.org/2004/02/skos/core#Concept,https://data.omgeving.vlaanderen.be/id/conceptscheme/riepr/operationeel_bepalingsmethode,null,Gemeten,https://data.omgeving.vlaanderen.be/id/conceptscheme/riepr/operationeel_bepalingsmethode,null,null,null,null,null,null,null,null,null,null,null,null,null,null,null,null,null,null,null,null,null,null,null,null,null,null,null,null,null,null,null,null,null
https://data.omgeving.vlaanderen.be/id/concept/riepr/operationeel-bepalingsmethode/geschat,http://www.w3.org/2004/02/skos/core#Concept,https://data.omgeving.vlaanderen.be/id/conceptscheme/riepr/operationeel_bepalingsmethode,null,Geschat,https://data.omgeving.vlaanderen.be/id/conceptscheme/riepr/operationeel_bepalingsmethode,null,null,null,null,null,null,null,null,null,null,null,null,null,null,null,null,null,null,null,null,null,null,null,null,null,null,null,null,null,null,null,null,null
https://data.omgeving.vlaanderen.be/id/concept/riepr/operationeel-bepalingsmethode/voorgesteld,http://www.w3.org/2004/02/skos/core#Concept,https://data.omgeving.vlaanderen.be/id/conceptscheme/riepr/operationeel_bepalingsmethode,null,Voorgesteld,https://data.omgeving.vlaanderen.be/id/conceptscheme/riepr/operationeel_bepalingsmethode,null,null,null,null,null,null,null,null,null,null,null,null,null,null,null,null,null,null,null,null,null,null,true,null,null,null,null,null,null,null,null,null,null
https://data.omgeving.vlaanderen.be/id/concept/riepr/operationeel-bepalingsmethodeclassificatie/vrachten,http://www.w3.org/2004/02/skos/core#Concept,https://data.omgeving.vlaanderen.be/id/conceptscheme/riepr/operationeel_bepalingsmethodeclassificatie,null,Specifiek vrachten,https://data.omgeving.vlaanderen.be/id/conceptscheme/riepr/operationeel_bepalingsmethodeclassificatie,null,null,null,null,null,null,null,null,null,null,null,null,null,null,null,null,null,null,null,null,null,null,null,null,null,null,null,null,null,null,null,null,null
https://data.omgeving.vlaanderen.be/id/concept/riepr/operationeel-bestemmingstype/belgisch,http://www.w3.org/2004/02/skos/core#Concept,https://data.omgeving.vlaanderen.be/id/conceptscheme/riepr/operationeel_bestemmingstype,null,Belgische vestiging,https://data.omgeving.vlaanderen.be/id/conceptscheme/riepr/operationeel_bestemmingstype,null,null,null,null,null,null,null,null,null,null,null,null,null,null,null,null,null,null,null,null,null,null,null,null,null,null,null,null,null,null,null,null,null
https://data.omgeving.vlaanderen.be/id/concept/riepr/operationeel-bestemmingstype/buitenlands,http://www.w3.org/2004/02/skos/core#Concept,https://data.omgeving.vlaanderen.be/id/conceptscheme/riepr/operationeel_bestemmingstype,null,Buitenlandse vestiging,https://data.omgeving.vlaanderen.be/id/conceptscheme/riepr/operationeel_bestemmingstype,null,null,null,null,null,null,null,null,null,null,null,null,null,null,null,null,null,null,null,null,null,null,null,null,null,null,null,null,null,null,null,null,null
https://data.omgeving.vlaanderen.be/id/concept/riepr/operationeel-bestemmingstype/dispers,http://www.w3.org/2004/02/skos/core#Concept,https://data.omgeving.vlaanderen.be/id/conceptscheme/riepr/operationeel_bestemmingstype,null,Dispers gebruik,https://data.omgeving.vlaanderen.be/id/conceptscheme/riepr/operationeel_bestemmingstype,null,null,null,null,null,null,null,null,null,null,null,null,null,null,null,null,null,null,null,null,null,null,null,null,null,null,null,null,null,null,null,null,null
https://data.omgeving.vlaanderen.be/id/concept/riepr/operationeel-bestemmingstype/geen_onderneming,http://www.w3.org/2004/02/skos/core#Concept,https://data.omgeving.vlaanderen.be/id/conceptscheme/riepr/operationeel_bestemmingstype,null,Geen onderneming,https://data.omgeving.vlaanderen.be/id/conceptscheme/riepr/operationeel_bestemmingstype,null,null,null,null,null,null,null,null,null,null,null,null,null,null,null,null,null,null,null,null,null,null,null,null,null,null,null,null,null,null,null,null,null
https://data.omgeving.vlaanderen.be/id/concept/riepr/operationeel-bestemmingstype/particulier,http://www.w3.org/2004/02/skos/core#Concept,https://data.omgeving.vlaanderen.be/id/conceptscheme/riepr/operationeel_bestemmingstype,null,Particulier,https://data.omgeving.vlaanderen.be/id/conceptscheme/riepr/operationeel_bestemmingstype,null,null,null,null,null,null,null,null,null,null,null,null,null,null,null,null,null,null,null,null,null,null,null,null,null,null,null,null,null,null,null,null,null
https://data.omgeving.vlaanderen.be/id/concept/riepr/operationeel-bestemmingstype/werf,http://www.w3.org/2004/02/skos/core#Concept,https://data.omgeving.vlaanderen.be/id/conceptscheme/riepr/operationeel_bestemmingstype,null,Werf,https://data.omgeving.vlaanderen.be/id/conceptscheme/riepr/operationeel_bestemmingstype,null,null,null,null,null,null,null,null,null,null,null,null,null,null,null,null,null,null,null,null,null,null,null,null,null,null,null,null,null,null,null,null,null
https://data.omgeving.vlaanderen.be/id/concept/riepr/operationeel-debiet-type/infiltratie,http://www.w3.org/2004/02/skos/core#Concept,https://data.omgeving.vlaanderen.be/id/conceptscheme/riepr/operationeel_debiet_type,null,Infiltratie,https://data.omgeving.vlaanderen.be/id/conceptscheme/riepr/operationeel_debiet_type,null,null,null,null,null,null,null,null,null,null,null,null,null,null,null,null,null,null,null,null,null,null,null,null,null,null,null,null,null,null,null,null,null
https://data.omgeving.vlaanderen.be/id/concept/riepr/operationeel-debiet-type/onttrekking,http://www.w3.org/2004/02/skos/core#Concept,https://data.omgeving.vlaanderen.be/id/conceptscheme/riepr/operationeel_debiet_type,null,Onttrekking,https://data.omgeving.vlaanderen.be/id/conceptscheme/riepr/operationeel_debiet_type,null,null,null,null,null,null,null,null,null,null,null,null,null,null,null,null,null,null,null,null,null,null,null,null,null,null,null,null,null,null,null,null,null
https://data.omgeving.vlaanderen.be/id/concept/riepr/operationeel-debiet-type/spui,http://www.w3.org/2004/02/skos/core#Concept,https://data.omgeving.vlaanderen.be/id/conceptscheme/riepr/operationeel_debiet_type,null,Spui,https://data.omgeving.vlaanderen.be/id/conceptscheme/riepr/operationeel_debiet_type,null,null,null,null,null,null,null,null,null,null,null,null,null,null,null,null,null,null,null,null,null,null,null,null,null,null,null,null,null,null,null,null,null
https://data.omgeving.vlaanderen.be/id/concept/riepr/operationeel-debiet-type/totaal_rondgepompd,http://www.w3.org/2004/02/skos/core#Concept,https://data.omgeving.vlaanderen.be/id/conceptscheme/riepr/operationeel_debiet_type,null,Totaal rondgepompd,https://data.omgeving.vlaanderen.be/id/conceptscheme/riepr/operationeel_debiet_type,null,null,null,null,null,null,null,null,null,null,null,null,null,null,null,null,null,null,null,null,null,null,null,null,null,null,null,null,null,null,null,null,null
https://data.omgeving.vlaanderen.be/id/concept/riepr/operationeel-grondstoffen/bestemmingsidentificatie-be,http://www.w3.org/2004/02/skos/core#Concept,https://data.omgeving.vlaanderen.be/id/conceptscheme/riepr/operationeel_grondstoffen,null,Bestemmingsidentificatie,null,null,null,https://data.omgeving.vlaanderen.be/id/concept/riepr/operationeel-grondstoffen/bestemmingsidentificatie-be,2026-10-07T06:07:35.969Z,null,null,null,null,null,null,null,null,null,null,null,https://data.omgeving.vlaanderen.be/id/concept/riepr/operationeel-grondstoffen/bestemmingsidentificatie-buitenland|https://data.omgeving.vlaanderen.be/id/concept/riepr/operationeel-grondstoffen/bestemmingsidentificatie-none|https://data.omgeving.vlaanderen.be/id/concept/riepr/operationeel-grondstoffen/bestemmingsidentificatie-werf,null,null,null,https://data.omgeving.vlaanderen.be/id/concept/riepr/operationeel-grondstoffen/bestemmingsidentificatie-be-naam|https://data.omgeving.vlaanderen.be/id/concept/riepr/operationeel-grondstoffen/bestemmingsidentificatie-be-on|https://data.omgeving.vlaanderen.be/id/concept/riepr/operationeel-grondstoffen/bestemmingsidentificatie-be-ve,null,https://data.omgeving.vlaanderen.be/id/concept/riepr/operationeel-grondstoffen/grondstof,null,https://data.omgeving.vlaanderen.be/id/concept/riepr/operationeel-grondstoffen/bestemmingsidentificatie-buitenland|https://data.omgeving.vlaanderen.be/id/concept/riepr/operationeel-grondstoffen/bestemmingsidentificatie-none|https://data.omgeving.vlaanderen.be/id/concept/riepr/operationeel-grondstoffen/bestemmingsidentificatie-werf,http://www.w3.org/ns/prov#Agent,https://data.omgeving.vlaanderen.be/id/concept/riepr/operationeel-bestemmingstype/belgisch,https://data.omgeving.vlaanderen.be/id/concept/riepr/operationeel-grondstoffen/grondstof_bestemming_type,https://data.omgeving.vlaanderen.be/id/concept/riepr/operationeel-grondstoffen/grondstof_opmerking,null,null,null,null,null
https://data.omgeving.vlaanderen.be/id/concept/riepr/operationeel-grondstoffen/bestemmingsidentificatie-be-naam,http://www.w3.org/2004/02/skos/core#Concept,https://data.omgeving.vlaanderen.be/id/conceptscheme/riepr/operationeel_grondstoffen,null,Naam,null,null,http://www.w3.org/2001/XMLSchema#string,https://data.omgeving.vlaanderen.be/id/concept/riepr/operationeel-grondstoffen/bestemmingsidentificatie-be-naam,2026-10-07T06:07:35.969Z,null,null,null,null,null,null,null,null,null,null,null,null,null,null,false,null,null,https://data.omgeving.vlaanderen.be/id/concept/riepr/operationeel-grondstoffen/bestemmingsidentificatie-be,null,null,null,null,null,null,true,null,null,null,null
https://data.omgeving.vlaanderen.be/id/concept/riepr/operationeel-grondstoffen/bestemmingsidentificatie-be-on,http://www.w3.org/2004/02/skos/core#Concept,https://data.omgeving.vlaanderen.be/id/conceptscheme/riepr/operationeel_grondstoffen,null,Ondernemingsnummer,null,null,http://www.w3.org/2001/XMLSchema#string,https://data.omgeving.vlaanderen.be/id/concept/riepr/operationeel-grondstoffen/bestemmingsidentificatie-be-on,2026-10-07T06:07:35.969Z,null,null,null,null,null,null,null,null,null,null,null,null,null,null,true,null,null,https://data.omgeving.vlaanderen.be/id/concept/riepr/operationeel-grondstoffen/bestemmingsidentificatie-be,null,null,null,null,null,https://data.omgeving.vlaanderen.be/id/concept/riepr/operationeel-grondstoffen/bestemmingsidentificatie-be-naam,null,null,null,null,null
https://data.omgeving.vlaanderen.be/id/concept/riepr/operationeel-grondstoffen/bestemmingsidentificatie-be-ve,http://www.w3.org/2004/02/skos/core#Concept,https://data.omgeving.vlaanderen.be/id/conceptscheme/riepr/operationeel_grondstoffen,null,Vestigingsnummer,null,null,http://www.w3.org/2001/XMLSchema#string,https://data.omgeving.vlaanderen.be/id/concept/riepr/operationeel-grondstoffen/bestemmingsidentificatie-be-ve,2026-10-07T06:07:35.969Z,null,null,null,null,null,null,null,null,null,null,null,null,null,null,true,null,null,https://data.omgeving.vlaanderen.be/id/concept/riepr/operationeel-grondstoffen/bestemmingsidentificatie-be,null,null,null,null,null,https://data.omgeving.vlaanderen.be/id/concept/riepr/operationeel-grondstoffen/bestemmingsidentificatie-be-on,null,null,null,null,null
https://data.omgeving.vlaanderen.be/id/concept/riepr/operationeel-grondstoffen/bestemmingsidentificatie-buitenland,http://www.w3.org/2004/02/skos/core#Concept,https://data.omgeving.vlaanderen.be/id/conceptscheme/riepr/operationeel_grondstoffen,null,Bestemmingsidentificatie,null,null,null,https://data.omgeving.vlaanderen.be/id/concept/riepr/operationeel-grondstoffen/bestemmingsidentificatie-buitenland,2026-10-07T06:07:35.969Z,null,null,null,null,null,null,null,null,null,null,null,https://data.omgeving.vlaanderen.be/id/concept/riepr/operationeel-grondstoffen/bestemmingsidentificatie-be|https://data.omgeving.vlaanderen.be/id/concept/riepr/operationeel-grondstoffen/bestemmingsidentificatie-none|https://data.omgeving.vlaanderen.be/id/concept/riepr/operationeel-grondstoffen/bestemmingsidentificatie-werf,null,null,null,https://data.omgeving.vlaanderen.be/id/concept/riepr/operationeel-grondstoffen/bestemmingsidentificatie-buitenland-btw|https://data.omgeving.vlaanderen.be/id/concept/riepr/operationeel-grondstoffen/bestemmingsidentificatie-buitenland-naam,null,https://data.omgeving.vlaanderen.be/id/concept/riepr/operationeel-grondstoffen/grondstof,null,https://data.omgeving.vlaanderen.be/id/concept/riepr/operationeel-grondstoffen/bestemmingsidentificatie-be|https://data.omgeving.vlaanderen.be/id/concept/riepr/operationeel-grondstoffen/bestemmingsidentificatie-none|https://data.omgeving.vlaanderen.be/id/concept/riepr/operationeel-grondstoffen/bestemmingsidentificatie-werf,http://www.w3.org/ns/prov#Agent,https://data.omgeving.vlaanderen.be/id/concept/riepr/operationeel-bestemmingstype/buitenlands,https://data.omgeving.vlaanderen.be/id/concept/riepr/operationeel-grondstoffen/grondstof_bestemming_type,https://data.omgeving.vlaanderen.be/id/concept/riepr/operationeel-grondstoffen/bestemmingsidentificatie-be,null,null,null,null,null
https://data.omgeving.vlaanderen.be/id/concept/riepr/operationeel-grondstoffen/bestemmingsidentificatie-buitenland-btw,http://www.w3.org/2004/02/skos/core#Concept,https://data.omgeving.vlaanderen.be/id/conceptscheme/riepr/operationeel_grondstoffen,null,BTW-nummer,null,null,http://www.w3.org/2001/XMLSchema#string,https://data.omgeving.vlaanderen.be/id/concept/riepr/operationeel-grondstoffen/bestemmingsidentificatie-buitenland-btw,2026-10-07T06:07:35.969Z,null,null,null,null,null,null,null,null,null,null,null,null,null,null,true,null,null,https://data.omgeving.vlaanderen.be/id/concept/riepr/operationeel-grondstoffen/bestemmingsidentificatie-buitenland,null,null,null,null,null,https://data.omgeving.vlaanderen.be/id/concept/riepr/operationeel-grondstoffen/bestemmingsidentificatie-buitenland-naam,null,null,null,null,null
https://data.omgeving.vlaanderen.be/id/concept/riepr/operationeel-grondstoffen/bestemmingsidentificatie-buitenland-naam,http://www.w3.org/2004/02/skos/core#Concept,https://data.omgeving.vlaanderen.be/id/conceptscheme/riepr/operationeel_grondstoffen,null,Naam,null,null,http://www.w3.org/2001/XMLSchema#string,https://data.omgeving.vlaanderen.be/id/concept/riepr/operationeel-grondstoffen/bestemmingsidentificatie-buitenland-naam,2026-10-07T06:07:35.969Z,null,null,null,null,null,null,null,null,null,null,null,null,null,null,false,null,null,https://data.omgeving.vlaanderen.be/id/concept/riepr/operationeel-grondstoffen/bestemmingsidentificatie-buitenland,null,null,null,null,null,null,true,null,null,null,null
https://data.omgeving.vlaanderen.be/id/concept/riepr/operationeel-grondstoffen/bestemmingsidentificatie-none,http://www.w3.org/2004/02/skos/core#Concept,https://data.omgeving.vlaanderen.be/id/conceptscheme/riepr/operationeel_grondstoffen,null,Bestemmingsidentificatie,null,null,null,https://data.omgeving.vlaanderen.be/id/concept/riepr/operationeel-grondstoffen/bestemmingsidentificatie-none,2026-10-07T06:07:35.969Z,null,null,null,null,null,null,null,null,null,null,null,https://data.omgeving.vlaanderen.be/id/concept/riepr/operationeel-grondstoffen/bestemmingsidentificatie-be|https://data.omgeving.vlaanderen.be/id/concept/riepr/operationeel-grondstoffen/bestemmingsidentificatie-buitenland|https://data.omgeving.vlaanderen.be/id/concept/riepr/operationeel-grondstoffen/bestemmingsidentificatie-werf,null,null,null,https://data.omgeving.vlaanderen.be/id/concept/riepr/operationeel-grondstoffen/bestemmingsidentificatie-none-adres|https://data.omgeving.vlaanderen.be/id/concept/riepr/operationeel-grondstoffen/bestemmingsidentificatie-none-naam,null,https://data.omgeving.vlaanderen.be/id/concept/riepr/operationeel-grondstoffen/grondstof,null,https://data.omgeving.vlaanderen.be/id/concept/riepr/operationeel-grondstoffen/bestemmingsidentificatie-be|https://data.omgeving.vlaanderen.be/id/concept/riepr/operationeel-grondstoffen/bestemmingsidentificatie-buitenland|https://data.omgeving.vlaanderen.be/id/concept/riepr/operationeel-grondstoffen/bestemmingsidentificatie-werf,http://www.w3.org/ns/prov#Agent,https://data.omgeving.vlaanderen.be/id/concept/riepr/operationeel-bestemmingstype/geen_onderneming,https://data.omgeving.vlaanderen.be/id/concept/riepr/operationeel-grondstoffen/grondstof_bestemming_type,https://data.omgeving.vlaanderen.be/id/concept/riepr/operationeel-grondstoffen/bestemmingsidentificatie-werf,null,null,null,null,null
https://data.omgeving.vlaanderen.be/id/concept/riepr/operationeel-grondstoffen/bestemmingsidentificatie-none-adres,http://www.w3.org/2004/02/skos/core#Concept,https://data.omgeving.vlaanderen.be/id/conceptscheme/riepr/operationeel_grondstoffen,null,Adres,null,null,http://www.w3.org/2001/XMLSchema#string,https://data.omgeving.vlaanderen.be/id/concept/riepr/operationeel-grondstoffen/bestemmingsidentificatie-none-adres,2026-10-07T06:07:35.969Z,null,null,null,null,null,null,null,null,null,null,null,null,null,null,true,null,null,https://data.omgeving.vlaanderen.be/id/concept/riepr/operationeel-grondstoffen/bestemmingsidentificatie-none,null,null,null,null,null,https://data.omgeving.vlaanderen.be/id/concept/riepr/operationeel-grondstoffen/bestemmingsidentificatie-none-naam,null,null,null,null,null
https://data.omgeving.vlaanderen.be/id/concept/riepr/operationeel-grondstoffen/bestemmingsidentificatie-none-naam,http://www.w3.org/2004/02/skos/core#Concept,https://data.omgeving.vlaanderen.be/id/conceptscheme/riepr/operationeel_grondstoffen,null,Naam,null,null,http://www.w3.org/2001/XMLSchema#string,https://data.omgeving.vlaanderen.be/id/concept/riepr/operationeel-grondstoffen/bestemmingsidentificatie-none-naam,2026-10-07T06:07:35.969Z,null,null,null,null,null,null,null,null,null,null,null,null,null,null,true,null,null,https://data.omgeving.vlaanderen.be/id/concept/riepr/operationeel-grondstoffen/bestemmingsidentificatie-none,null,null,null,null,null,null,true,null,null,null,null
https://data.omgeving.vlaanderen.be/id/concept/riepr/operationeel-grondstoffen/bestemmingsidentificatie-werf,http://www.w3.org/2004/02/skos/core#Concept,https://data.omgeving.vlaanderen.be/id/conceptscheme/riepr/operationeel_grondstoffen,null,Bestemmingsidentificatie,null,null,null,https://data.omgeving.vlaanderen.be/id/concept/riepr/operationeel-grondstoffen/bestemmingsidentificatie-werf,2026-10-07T06:07:35.969Z,null,null,null,null,null,null,null,null,null,null,null,https://data.omgeving.vlaanderen.be/id/concept/riepr/operationeel-grondstoffen/bestemmingsidentificatie-be|https://data.omgeving.vlaanderen.be/id/concept/riepr/operationeel-grondstoffen/bestemmingsidentificatie-buitenland|https://data.omgeving.vlaanderen.be/id/concept/riepr/operationeel-grondstoffen/bestemmingsidentificatie-none,null,null,null,https://data.omgeving.vlaanderen.be/id/concept/riepr/operationeel-grondstoffen/bestemmingsidentificatie-werf-naam,null,https://data.omgeving.vlaanderen.be/id/concept/riepr/operationeel-grondstoffen/grondstof,null,https://data.omgeving.vlaanderen.be/id/concept/riepr/operationeel-grondstoffen/bestemmingsidentificatie-be|https://data.omgeving.vlaanderen.be/id/concept/riepr/operationeel-grondstoffen/bestemmingsidentificatie-buitenland|https://data.omgeving.vlaanderen.be/id/concept/riepr/operationeel-grondstoffen/bestemmingsidentificatie-none,http://www.w3.org/ns/prov#Agent,https://data.omgeving.vlaanderen.be/id/concept/riepr/operationeel-bestemmingstype/werf,https://data.omgeving.vlaanderen.be/id/concept/riepr/operationeel-grondstoffen/grondstof_bestemming_type,https://data.omgeving.vlaanderen.be/id/concept/riepr/operationeel-grondstoffen/bestemmingsidentificatie-buitenland,null,null,null,null,null
https://data.omgeving.vlaanderen.be/id/concept/riepr/operationeel-grondstoffen/bestemmingsidentificatie-werf-naam,http://www.w3.org/2004/02/skos/core#Concept,https://data.omgeving.vlaanderen.be/id/conceptscheme/riepr/operationeel_grondstoffen,null,Naam,null,null,http://www.w3.org/2001/XMLSchema#string,https://data.omgeving.vlaanderen.be/id/concept/riepr/operationeel-grondstoffen/bestemmingsidentificatie-werf-naam,2026-10-07T06:07:35.969Z,null,null,null,null,null,null,null,null,null,null,null,null,null,null,false,null,null,https://data.omgeving.vlaanderen.be/id/concept/riepr/operationeel-grondstoffen/bestemmingsidentificatie-werf,null,null,null,null,null,null,true,null,null,null,null
https://data.omgeving.vlaanderen.be/id/concept/riepr/operationeel-grondstoffen/geproduceerd,http://www.w3.org/2004/02/skos/core#Concept,https://data.omgeving.vlaanderen.be/id/conceptscheme/riepr/operationeel_grondstoffen,null,Heeft u grondstoffen geproduceerd?,https://data.omgeving.vlaanderen.be/id/conceptscheme/riepr/operationeel_grondstoffen,null,http://www.w3.org/2001/XMLSchema#boolean,null,null,null,null,null,null,null,null,null,null,null,null,null,null,null,null,null,null,null,null,null,null,null,null,null,null,true,null,null,null,null
https://data.omgeving.vlaanderen.be/id/concept/riepr/operationeel-grondstoffen/grondstof,http://www.w3.org/2004/02/skos/core#Concept,https://data.omgeving.vlaanderen.be/id/conceptscheme/riepr/operationeel_grondstoffen,null,Grondstof,https://data.omgeving.vlaanderen.be/id/conceptscheme/riepr/operationeel_grondstoffen,null,null,https://data.omgeving.vlaanderen.be/id/concept/riepr/operationeel-grondstoffen/grondstof,2026-10-07T06:07:35.969Z,null,null,null,null,null,null,null,null,null,null,null,null,null,null,null,https://data.omgeving.vlaanderen.be/id/concept/riepr/operationeel-grondstoffen/bestemmingsidentificatie-be|https://data.omgeving.vlaanderen.be/id/concept/riepr/operationeel-grondstoffen/bestemmingsidentificatie-buitenland|https://data.omgeving.vlaanderen.be/id/concept/riepr/operationeel-grondstoffen/bestemmingsidentificatie-none|https://data.omgeving.vlaanderen.be/id/concept/riepr/operationeel-grondstoffen/bestemmingsidentificatie-werf|https://data.omgeving.vlaanderen.be/id/concept/riepr/operationeel-grondstoffen/grondstof_bestemming_type|https://data.omgeving.vlaanderen.be/id/concept/riepr/operationeel-grondstoffen/grondstof_opmerking|https://data.omgeving.vlaanderen.be/id/concept/riepr/operationeel-grondstoffen/grondstof_hoeveelheid|https://data.omgeving.vlaanderen.be/id/concept/riepr/operationeel-grondstoffen/grondstof_materiaalcode|https://data.omgeving.vlaanderen.be/id/concept/riepr/operationeel-grondstoffen/grondstof_omschrijving|https://data.omgeving.vlaanderen.be/id/concept/riepr/operationeel-grondstoffen/grondstof_toepassingswijze,true,null,null,null,https://data.riepr.omgeving.vlaanderen.be/ns/riepr#Observatie,https://data.omgeving.vlaanderen.be/id/concept/rie-iepr/true,https://data.omgeving.vlaanderen.be/id/concept/riepr/operationeel-grondstoffen/geproduceerd,https://data.omgeving.vlaanderen.be/id/concept/riepr/operationeel-grondstoffen/geproduceerd,null,null,null,null,null
https://data.omgeving.vlaanderen.be/id/concept/riepr/operationeel-grondstoffen/grondstof_bestemming_type,http://www.w3.org/2004/02/skos/core#Concept,https://data.omgeving.vlaanderen.be/id/conceptscheme/riepr/operationeel_grondstoffen,null,Bestemming type,null,null,null,https://data.omgeving.vlaanderen.be/id/concept/riepr/operationeel-grondstoffen/grondstof_bestemming_type,2026-10-07T06:07:35.969Z,null,null,null,null,https://data.omgeving.vlaanderen.be/id/conceptscheme/riepr/operationeel_bestemmingstype,null,null,null,null,null,null,null,null,null,true,null,null,https://data.omgeving.vlaanderen.be/id/concept/riepr/operationeel-grondstoffen/grondstof,null,null,https://data.riepr.omgeving.vlaanderen.be/ns/riepr#Resultaat,null,null,https://data.omgeving.vlaanderen.be/id/concept/riepr/operationeel-grondstoffen/grondstof_toepassingswijze,null,null,null,null,null
https://data.omgeving.vlaanderen.be/id/concept/riepr/operationeel-grondstoffen/grondstof_hoeveelheid,http://www.w3.org/2004/02/skos/core#Concept,https://data.omgeving.vlaanderen.be/id/conceptscheme/riepr/operationeel_grondstoffen,null,Hoeveelheid,null,null,http://www.w3.org/2001/XMLSchema#decimal,https://data.omgeving.vlaanderen.be/id/concept/riepr/operationeel-grondstoffen/grondstof_hoeveelheid,2026-10-07T06:07:35.969Z,null,null,null,null,null,http://TODO,null,null,null,null,null,null,null,null,true,null,null,https://data.omgeving.vlaanderen.be/id/concept/riepr/operationeel-grondstoffen/grondstof,null,null,https://data.riepr.omgeving.vlaanderen.be/ns/riepr#Resultaat,null,null,https://data.omgeving.vlaanderen.be/id/concept/riepr/operationeel-grondstoffen/grondstof_omschrijving,null,null,null,null,null
https://data.omgeving.vlaanderen.be/id/concept/riepr/operationeel-grondstoffen/grondstof_materiaalcode,http://www.w3.org/2004/02/skos/core#Concept,https://data.omgeving.vlaanderen.be/id/conceptscheme/riepr/operationeel_grondstoffen,null,Materiaalcode,null,null,null,https://data.omgeving.vlaanderen.be/id/concept/riepr/operationeel-grondstoffen/grondstof_materiaalcode,2026-10-07T06:07:35.969Z,null,null,null,null,http://TODO,null,null,null,null,null,null,null,null,null,null,null,null,https://data.omgeving.vlaanderen.be/id/concept/riepr/operationeel-grondstoffen/grondstof,null,null,https://data.riepr.omgeving.vlaanderen.be/ns/riepr#Resultaat,null,null,null,true,null,null,null,null
https://data.omgeving.vlaanderen.be/id/concept/riepr/operationeel-grondstoffen/grondstof_omschrijving,http://www.w3.org/2004/02/skos/core#Concept,https://data.omgeving.vlaanderen.be/id/conceptscheme/riepr/operationeel_grondstoffen,null,Omschrijving,null,null,http://www.w3.org/2001/XMLSchema#string,https://data.omgeving.vlaanderen.be/id/concept/riepr/operationeel-grondstoffen/grondstof_omschrijving,2026-10-07T06:07:35.969Z,null,null,null,null,null,null,null,null,null,null,null,null,null,null,false,null,null,https://data.omgeving.vlaanderen.be/id/concept/riepr/operationeel-grondstoffen/grondstof,null,null,https://data.riepr.omgeving.vlaanderen.be/ns/riepr#Resultaat,null,null,https://data.omgeving.vlaanderen.be/id/concept/riepr/operationeel-grondstoffen/grondstof_materiaalcode,null,null,null,null,null
https://data.omgeving.vlaanderen.be/id/concept/riepr/operationeel-grondstoffen/grondstof_opmerking,http://www.w3.org/2004/02/skos/core#Concept,https://data.omgeving.vlaanderen.be/id/conceptscheme/riepr/operationeel_grondstoffen,null,Opmerking,null,null,http://www.w3.org/2001/XMLSchema#string,https://data.omgeving.vlaanderen.be/id/concept/riepr/operationeel-grondstoffen/grondstof_opmerking,2026-10-07T06:07:35.969Z,null,null,null,null,null,null,null,null,null,null,null,null,null,null,false,null,null,https://data.omgeving.vlaanderen.be/id/concept/riepr/operationeel-grondstoffen/grondstof,null,null,https://data.riepr.omgeving.vlaanderen.be/ns/riepr#Resultaat,null,null,https://data.omgeving.vlaanderen.be/id/concept/riepr/operationeel-grondstoffen/grondstof_bestemming_type,null,null,null,null,null
https://data.omgeving.vlaanderen.be/id/concept/riepr/operationeel-grondstoffen/grondstof_toepassingswijze,http://www.w3.org/2004/02/skos/core#Concept,https://data.omgeving.vlaanderen.be/id/conceptscheme/riepr/operationeel_grondstoffen,null,Toepassingswijze,null,null,null,https://data.omgeving.vlaanderen.be/id/concept/riepr/operationeel-grondstoffen/grondstof_toepassingswijze,2026-10-07T06:07:35.969Z,null,null,null,null,null,https://data.omgeving.vlaanderen.be/id/concept/rie-iepr/true,null,null,null,null,null,null,null,null,null,null,null,https://data.omgeving.vlaanderen.be/id/concept/riepr/operationeel-grondstoffen/grondstof,null,null,https://data.riepr.omgeving.vlaanderen.be/ns/riepr#Resultaat,https://data.omgeving.vlaanderen.be/id/conceptscheme/riepr/operationeel_toepassingwijze,null,https://data.omgeving.vlaanderen.be/id/concept/riepr/operationeel-grondstoffen/grondstof_hoeveelheid,null,null,null,null,null
https://data.omgeving.vlaanderen.be/id/concept/riepr/operationeel-grondwater/begintoestand,http://www.w3.org/2004/02/skos/core#Concept,https://data.omgeving.vlaanderen.be/id/conceptscheme/riepr/operationeel_grondwater,null,Beginstand debietmeter,null,null,http://www.w3.org/2001/XMLSchema#decimal,https://data.omgeving.vlaanderen.be/id/concept/riepr/operationeel-grondwater/begintoestand,2026-10-07T06:07:35.969Z,null,null,null,null,null,http://qudt.org/vocab/unit/M3,Begintoestand van de debietmeter om het volume te berekenen.,Begintoestand van de debietmeter om het volume te berekenen.,null,null,null,null,null,null,false,null,null,https://data.omgeving.vlaanderen.be/id/concept/riepr/operationeel-grondwater/onttrekking,null,null,https://data.riepr.omgeving.vlaanderen.be/ns/riepr#Observatie,https://data.omgeving.vlaanderen.be/id/concept/rie-iepr/NaN,https://data.omgeving.vlaanderen.be/id/concept/riepr/operationeel-grondwater/volume,https://data.omgeving.vlaanderen.be/id/concept/riepr/operationeel-grondwater/volume,null,null,null,null,null
https://data.omgeving.vlaanderen.be/id/concept/riepr/operationeel-grondwater/datum,http://www.w3.org/2004/02/skos/core#Concept,https://data.omgeving.vlaanderen.be/id/conceptscheme/riepr/operationeel_grondwater,null,Datum,null,null,http://www.w3.org/2001/XMLSchema#dateTime,https://data.omgeving.vlaanderen.be/id/concept/riepr/operationeel-grondwater/datum,2026-10-07T06:07:35.969Z,null,null,null,null,null,null,null,null,null,null,null,null,null,null,null,null,null,https://data.omgeving.vlaanderen.be/id/concept/riepr/operationeel-grondwater/peilmeting,null,null,null,null,null,https://data.omgeving.vlaanderen.be/id/concept/riepr/operationeel-grondwater/peilmeting_feature,null,null,null,null,null
https://data.omgeving.vlaanderen.be/id/concept/riepr/operationeel-grondwater/diepte,http://www.w3.org/2004/02/skos/core#Concept,https://data.omgeving.vlaanderen.be/id/conceptscheme/riepr/operationeel_grondwater,null,Diepte/hoogte (TAW) t.o.v. referentiepunt,null,null,http://www.w3.org/2001/XMLSchema#decimal,https://data.omgeving.vlaanderen.be/id/concept/riepr/operationeel-grondwater/diepte,2026-10-07T06:07:35.969Z,null,null,null,null,null,http://qudt.org/vocab/unit/M,null,null,null,null,null,null,null,null,null,null,null,https://data.omgeving.vlaanderen.be/id/concept/riepr/operationeel-grondwater/peilmeting,null,null,null,null,null,https://data.omgeving.vlaanderen.be/id/concept/riepr/operationeel-grondwater/referentiepunt,null,null,null,null,null
https://data.omgeving.vlaanderen.be/id/concept/riepr/operationeel-grondwater/duur-stil,http://www.w3.org/2004/02/skos/core#Concept,https://data.omgeving.vlaanderen.be/id/conceptscheme/riepr/operationeel_grondwater,null,Duur pompen stil,null,null,http://www.w3.org/2001/XMLSchema#duration,https://data.omgeving.vlaanderen.be/id/concept/riepr/operationeel-grondwater/duur-stil,2026-10-07T06:07:35.969Z,null,null,null,null,null,null,null,null,null,null,null,null,null,null,null,null,null,https://data.omgeving.vlaanderen.be/id/concept/riepr/operationeel-grondwater/peilmeting,null,null,null,https://data.omgeving.vlaanderen.be/id/concept/riepr/operationeel-pomptoestand/rust,https://data.omgeving.vlaanderen.be/id/concept/riepr/operationeel-grondwater/pomptoestand,https://data.omgeving.vlaanderen.be/id/concept/riepr/operationeel-grondwater/pomptoestand,null,null,null,null,null
https://data.omgeving.vlaanderen.be/id/concept/riepr/operationeel-grondwater/eindtoestand,http://www.w3.org/2004/02/skos/core#Concept,https://data.omgeving.vlaanderen.be/id/conceptscheme/riepr/operationeel_grondwater,null,Eindtoestand debietmeter,null,null,http://www.w3.org/2001/XMLSchema#decimal,https://data.omgeving.vlaanderen.be/id/concept/riepr/operationeel-grondwater/eindtoestand,2026-10-07T06:07:35.969Z,null,null,null,null,null,http://qudt.org/vocab/unit/M3,Eindtoestand van de debietmeter om het volume te berekenen.,Eindtoestand van de debietmeter om het volume te berekenen.,null,null,null,null,null,null,false,null,null,https://data.omgeving.vlaanderen.be/id/concept/riepr/operationeel-grondwater/onttrekking,null,null,https://data.riepr.omgeving.vlaanderen.be/ns/riepr#Observatie,https://data.omgeving.vlaanderen.be/id/concept/rie-iepr/NaN,https://data.omgeving.vlaanderen.be/id/concept/riepr/operationeel-grondwater/volume,https://data.omgeving.vlaanderen.be/id/concept/riepr/operationeel-grondwater/begintoestand,null,null,null,null,null
https://data.omgeving.vlaanderen.be/id/concept/riepr/operationeel-grondwater/kwaliteitsmeting,http://www.w3.org/2004/02/skos/core#Concept,https://data.omgeving.vlaanderen.be/id/conceptscheme/riepr/operationeel_grondwater,null,Kwaliteitsmeting,https://data.omgeving.vlaanderen.be/id/conceptscheme/riepr/operationeel_grondwater,null,null,https://data.omgeving.vlaanderen.be/id/concept/riepr/operationeel-grondwater/kwaliteitsmeting,2026-10-07T06:07:35.969Z,null,null,null,null,null,null,Een kwaliteitsmeting van een pomp- of peilput.,Een kwaliteitsmeting van een pomp- of peilput.,null,null,null,null,null,null,null,https://data.omgeving.vlaanderen.be/id/concept/riepr/operationeel-grondwater/kwaliteitsmeting-bemonsteringsinstrument|https://data.omgeving.vlaanderen.be/id/concept/riepr/operationeel-grondwater/kwaliteitsmeting-labo|https://data.omgeving.vlaanderen.be/id/concept/riepr/operationeel-grondwater/kwaliteitsmeting-datum|https://data.omgeving.vlaanderen.be/id/concept/riepr/operationeel-grondwater/kwaliteitsmeting_feature|https://data.omgeving.vlaanderen.be/id/concept/riepr/operationeel-grondwater/kwaliteitsmeting-diepte|https://data.omgeving.vlaanderen.be/id/concept/riepr/operationeel-grondwater/kwaliteitsmeting-referentiepunt|https://data.omgeving.vlaanderen.be/id/concept/riepr/operationeel-grondwater/kwaliteitsmeting-monsternummer|https://data.omgeving.vlaanderen.be/id/concept/riepr/operationeel-grondwater/kwaliteitsmeting-parameter|https://data.omgeving.vlaanderen.be/id/concept/riepr/operationeel-grondwater/kwaliteitsmeting-techniek,true,null,null,null,https://data.riepr.omgeving.vlaanderen.be/ns/riepr#ObservatieVerzameling,null,null,https://data.omgeving.vlaanderen.be/id/concept/riepr/operationeel-grondwater/peilmeting,null,null,null,null,null
https://data.omgeving.vlaanderen.be/id/concept/riepr/operationeel-grondwater/kwaliteitsmeting-bemonsteringsinstrument,http://www.w3.org/2004/02/skos/core#Concept,https://data.omgeving.vlaanderen.be/id/conceptscheme/riepr/operationeel_grondwater,null,Bemonsteringsinstrument,null,null,http://www.w3.org/2001/XMLSchema#string,https://data.omgeving.vlaanderen.be/id/concept/riepr/operationeel-grondwater/kwaliteitsmeting-bemonsteringsinstrument,2026-10-07T06:07:35.969Z,null,null,null,null,null,null,null,null,null,null,null,null,null,null,null,null,null,https://data.omgeving.vlaanderen.be/id/concept/riepr/operationeel-grondwater/kwaliteitsmeting,null,null,null,null,null,https://data.omgeving.vlaanderen.be/id/concept/riepr/operationeel-grondwater/kwaliteitsmeting-labo,null,null,null,null,null
https://data.omgeving.vlaanderen.be/id/concept/riepr/operationeel-grondwater/kwaliteitsmeting-datum,http://www.w3.org/2004/02/skos/core#Concept,https://data.omgeving.vlaanderen.be/id/conceptscheme/riepr/operationeel_grondwater,null,Datum,null,null,http://www.w3.org/2001/XMLSchema#date,https://data.omgeving.vlaanderen.be/id/concept/riepr/operationeel-grondwater/kwaliteitsmeting-datum,2026-10-07T06:07:35.969Z,null,null,null,null,null,null,null,null,null,null,null,null,null,null,null,null,null,https://data.omgeving.vlaanderen.be/id/concept/riepr/operationeel-grondwater/kwaliteitsmeting,null,null,null,null,null,https://data.omgeving.vlaanderen.be/id/concept/riepr/operationeel-grondwater/kwaliteitsmeting_feature,null,null,null,null,null
https://data.omgeving.vlaanderen.be/id/concept/riepr/operationeel-grondwater/kwaliteitsmeting-diepte,http://www.w3.org/2004/02/skos/core#Concept,https://data.omgeving.vlaanderen.be/id/conceptscheme/riepr/operationeel_grondwater,null,Diepte/hoogte (TAW) t.o.v. referentiepunt,null,null,http://www.w3.org/2001/XMLSchema#decimal,https://data.omgeving.vlaanderen.be/id/concept/riepr/operationeel-grondwater/kwaliteitsmeting-diepte,2026-10-07T06:07:35.969Z,null,null,null,null,null,http://qudt.org/vocab/unit/M,null,null,null,null,null,null,null,null,null,null,null,https://data.omgeving.vlaanderen.be/id/concept/riepr/operationeel-grondwater/kwaliteitsmeting,null,null,https://data.riepr.omgeving.vlaanderen.be/ns/riepr#Observatie,null,null,https://data.omgeving.vlaanderen.be/id/concept/riepr/operationeel-grondwater/kwaliteitsmeting-referentiepunt,null,null,null,null,null
https://data.omgeving.vlaanderen.be/id/concept/riepr/operationeel-grondwater/kwaliteitsmeting-labo,http://www.w3.org/2004/02/skos/core#Concept,https://data.omgeving.vlaanderen.be/id/conceptscheme/riepr/operationeel_grondwater,null,Labo,null,null,null,https://data.omgeving.vlaanderen.be/id/concept/riepr/operationeel-grondwater/kwaliteitsmeting-labo,2026-10-07T06:07:35.969Z,null,null,null,null,null,null,Labo dat de meting uitvoerde.,Labo dat de meting uitvoerde.,null,null,null,null,null,null,true,https://data.omgeving.vlaanderen.be/id/concept/riepr/operationeel-grondwater/kwaliteitsmeting-labo-naam,null,https://data.omgeving.vlaanderen.be/id/concept/riepr/operationeel-grondwater/kwaliteitsmeting,null,null,http://www.w3.org/ns/prov#Agent,null,null,https://data.omgeving.vlaanderen.be/id/concept/riepr/operationeel-grondwater/kwaliteitsmeting-monsternummer,null,null,null,null,null
https://data.omgeving.vlaanderen.be/id/concept/riepr/operationeel-grondwater/kwaliteitsmeting-labo-naam,http://www.w3.org/2004/02/skos/core#Concept,https://data.omgeving.vlaanderen.be/id/conceptscheme/riepr/operationeel_grondwater,null,Naam,null,null,http://www.w3.org/2001/XMLSchema#string,https://data.omgeving.vlaanderen.be/id/concept/riepr/operationeel-grondwater/kwaliteitsmeting-labo-naam,2026-10-07T06:07:35.969Z,null,null,null,null,null,null,null,null,null,null,null,null,null,null,true,null,null,https://data.omgeving.vlaanderen.be/id/concept/riepr/operationeel-grondwater/kwaliteitsmeting-labo,null,null,null,null,null,null,true,null,null,null,null
https://data.omgeving.vlaanderen.be/id/concept/riepr/operationeel-grondwater/kwaliteitsmeting-monsternummer,http://www.w3.org/2004/02/skos/core#Concept,https://data.omgeving.vlaanderen.be/id/conceptscheme/riepr/operationeel_grondwater,null,Monsternummer,null,null,http://www.w3.org/2001/XMLSchema#integer,https://data.omgeving.vlaanderen.be/id/concept/riepr/operationeel-grondwater/kwaliteitsmeting-monsternummer,2026-10-07T06:07:35.969Z,null,null,null,null,null,null,null,null,null,null,null,null,null,null,null,null,null,https://data.omgeving.vlaanderen.be/id/concept/riepr/operationeel-grondwater/kwaliteitsmeting,null,null,null,null,null,https://data.omgeving.vlaanderen.be/id/concept/riepr/operationeel-grondwater/kwaliteitsmeting-datum,null,null,null,null,null
https://data.omgeving.vlaanderen.be/id/concept/riepr/operationeel-grondwater/kwaliteitsmeting-parameter,http://www.w3.org/2004/02/skos/core#Concept,https://data.omgeving.vlaanderen.be/id/conceptscheme/riepr/operationeel_grondwater,null,Parameter,null,null,null,https://data.omgeving.vlaanderen.be/id/concept/riepr/operationeel-grondwater/kwaliteitsmeting-parameter,2026-10-07T06:07:35.969Z,null,null,null,null,null,null,null,null,null,null,null,null,null,null,null,https://data.omgeving.vlaanderen.be/id/concept/riepr/operationeel-grondwater/kwaliteitsmeting-parameter-datum|https://data.omgeving.vlaanderen.be/id/concept/riepr/operationeel-grondwater/kwaliteitsmeting-parameter-parameter|https://data.omgeving.vlaanderen.be/id/concept/riepr/operationeel-grondwater/kwaliteitsmeting-parameter-limiet|https://data.omgeving.vlaanderen.be/id/concept/riepr/operationeel-grondwater/kwaliteitsmeting-parameter-meetwaarde|https://data.omgeving.vlaanderen.be/id/concept/riepr/operationeel-grondwater/kwaliteitsmeting-parameter-methode,true,https://data.omgeving.vlaanderen.be/id/concept/riepr/operationeel-grondwater/kwaliteitsmeting,null,null,null,null,null,https://data.omgeving.vlaanderen.be/id/concept/riepr/operationeel-grondwater/kwaliteitsmeting-techniek,null,null,null,null,null
https://data.omgeving.vlaanderen.be/id/concept/riepr/operationeel-grondwater/kwaliteitsmeting-parameter-datum,http://www.w3.org/2004/02/skos/core#Concept,https://data.omgeving.vlaanderen.be/id/conceptscheme/riepr/operationeel_grondwater,null,Datum laboanalyse,null,null,http://www.w3.org/2001/XMLSchema#dateTime,https://data.omgeving.vlaanderen.be/id/concept/riepr/operationeel-grondwater/kwaliteitsmeting-parameter-datum,2026-10-07T06:07:35.969Z,null,null,null,null,null,null,null,null,null,null,null,null,null,null,null,null,null,https://data.omgeving.vlaanderen.be/id/concept/riepr/operationeel-grondwater/kwaliteitsmeting-parameter,null,null,null,null,null,https://data.omgeving.vlaanderen.be/id/concept/riepr/operationeel-grondwater/kwaliteitsmeting-parameter-parameter,null,null,null,null,null
https://data.omgeving.vlaanderen.be/id/concept/riepr/operationeel-grondwater/kwaliteitsmeting-parameter-limiet,http://www.w3.org/2004/02/skos/core#Concept,https://data.omgeving.vlaanderen.be/id/conceptscheme/riepr/operationeel_grondwater,null,Detectielimiet,null,null,null,https://data.omgeving.vlaanderen.be/id/concept/riepr/operationeel-grondwater/kwaliteitsmeting-parameter-limiet,2026-10-07T06:07:35.969Z,null,null,null,null,null,null,null,null,null,null,null,null,null,null,null,null,null,https://data.omgeving.vlaanderen.be/id/concept/riepr/operationeel-grondwater/kwaliteitsmeting-parameter,null,null,null,null,null,https://data.omgeving.vlaanderen.be/id/concept/riepr/operationeel-grondwater/kwaliteitsmeting-parameter-datum,null,null,null,null,null
https://data.omgeving.vlaanderen.be/id/concept/riepr/operationeel-grondwater/kwaliteitsmeting-parameter-meetwaarde,http://www.w3.org/2004/02/skos/core#Concept,https://data.omgeving.vlaanderen.be/id/conceptscheme/riepr/operationeel_grondwater,null,Meetwaarde,null,null,null,https://data.omgeving.vlaanderen.be/id/concept/riepr/operationeel-grondwater/kwaliteitsmeting-parameter-meetwaarde,2026-10-07T06:07:35.969Z,null,null,null,null,null,null,null,null,null,null,null,null,null,null,null,null,null,https://data.omgeving.vlaanderen.be/id/concept/riepr/operationeel-grondwater/kwaliteitsmeting-parameter,null,null,https://data.riepr.omgeving.vlaanderen.be/ns/riepr#Observatie,null,null,https://data.omgeving.vlaanderen.be/id/concept/riepr/operationeel-grondwater/kwaliteitsmeting-parameter-limiet,null,null,null,null,null
https://data.omgeving.vlaanderen.be/id/concept/riepr/operationeel-grondwater/kwaliteitsmeting-parameter-methode,http://www.w3.org/2004/02/skos/core#Concept,https://data.omgeving.vlaanderen.be/id/conceptscheme/riepr/operationeel_grondwater,null,Analysemethode,null,null,http://www.w3.org/2001/XMLSchema#string,https://data.omgeving.vlaanderen.be/id/concept/riepr/operationeel-grondwater/kwaliteitsmeting-parameter-methode,2026-10-07T06:07:35.969Z,null,null,null,null,null,null,null,null,null,null,null,null,null,null,null,null,null,https://data.omgeving.vlaanderen.be/id/concept/riepr/operationeel-grondwater/kwaliteitsmeting-parameter,null,null,null,null,null,https://data.omgeving.vlaanderen.be/id/concept/riepr/operationeel-grondwater/kwaliteitsmeting-parameter-meetwaarde,null,null,null,null,null
https://data.omgeving.vlaanderen.be/id/concept/riepr/operationeel-grondwater/kwaliteitsmeting-parameter-parameter,http://www.w3.org/2004/02/skos/core#Concept,https://data.omgeving.vlaanderen.be/id/conceptscheme/riepr/operationeel_grondwater,null,Parameter,null,null,null,https://data.omgeving.vlaanderen.be/id/concept/riepr/operationeel-grondwater/kwaliteitsmeting-parameter-parameter,2026-10-07T06:07:35.969Z,null,null,null,null,null,null,null,null,null,null,null,null,null,null,null,null,null,https://data.omgeving.vlaanderen.be/id/concept/riepr/operationeel-grondwater/kwaliteitsmeting-parameter,null,null,null,null,http://TODO,null,true,null,null,null,null
https://data.omgeving.vlaanderen.be/id/concept/riepr/operationeel-grondwater/kwaliteitsmeting-referentiepunt,http://www.w3.org/2004/02/skos/core#Concept,https://data.omgeving.vlaanderen.be/id/conceptscheme/riepr/operationeel_grondwater,null,Referentiepunt,null,null,null,https://data.omgeving.vlaanderen.be/id/concept/riepr/operationeel-grondwater/kwaliteitsmeting-referentiepunt,2026-10-07T06:07:35.969Z,null,null,null,https://data.omgeving.vlaanderen.be/id/concept/riepr/meetpunt-eigenschappen/referentiepunt,null,null,null,null,null,null,null,null,null,null,true,null,true,https://data.omgeving.vlaanderen.be/id/concept/riepr/operationeel-grondwater/kwaliteitsmeting,null,null,null,null,null,https://data.omgeving.vlaanderen.be/id/concept/riepr/operationeel-grondwater/kwaliteitsmeting-bemonsteringsinstrument,null,null,null,null,null
https://data.omgeving.vlaanderen.be/id/concept/riepr/operationeel-grondwater/kwaliteitsmeting-techniek,http://www.w3.org/2004/02/skos/core#Concept,https://data.omgeving.vlaanderen.be/id/conceptscheme/riepr/operationeel_grondwater,null,Techniek monstername,null,null,null,https://data.omgeving.vlaanderen.be/id/concept/riepr/operationeel-grondwater/kwaliteitsmeting-techniek,2026-10-07T06:07:35.969Z,null,null,null,null,https://data.omgeving.vlaanderen.be/id/conceptscheme/riepr/operationeel_techniekmonstername,null,null,null,null,null,null,null,null,null,null,null,null,https://data.omgeving.vlaanderen.be/id/concept/riepr/operationeel-grondwater/kwaliteitsmeting,null,null,null,null,null,https://data.omgeving.vlaanderen.be/id/concept/riepr/operationeel-grondwater/kwaliteitsmeting-diepte,null,null,null,null,null
https://data.omgeving.vlaanderen.be/id/concept/riepr/operationeel-grondwater/kwaliteitsmeting_feature,http://www.w3.org/2004/02/skos/core#Concept,https://data.omgeving.vlaanderen.be/id/conceptscheme/riepr/operationeel_grondwater,null,Peilfilter/Pompfilter,null,null,null,https://data.omgeving.vlaanderen.be/id/concept/riepr/operationeel-grondwater/kwaliteitsmeting_feature,2026-10-07T06:07:35.969Z,null,null,null,https://data.omgeving.vlaanderen.be/id/concept/riepr/filter-type/peil|https://data.omgeving.vlaanderen.be/id/concept/riepr/filter-type/pomp,null,null,Actieve peil- en pompfilters in het productiejaar.,Actieve peil- en pompfilters in het productiejaar.,null,null,null,null,null,null,null,null,null,https://data.omgeving.vlaanderen.be/id/concept/riepr/operationeel-grondwater/kwaliteitsmeting,null,null,http://www.w3.org/ns/sosa/FeatureOfInterest,null,null,null,true,true,null,null,null
https://data.omgeving.vlaanderen.be/id/concept/riepr/operationeel-grondwater/onttrekking,http://www.w3.org/2004/02/skos/core#Concept,https://data.omgeving.vlaanderen.be/id/conceptscheme/riepr/operationeel_grondwater,null,Onttrekking/infiltratie,https://data.omgeving.vlaanderen.be/id/conceptscheme/riepr/operationeel_grondwater,null,null,https://data.omgeving.vlaanderen.be/id/concept/riepr/operationeel-grondwater/onttrekking,2026-10-07T06:07:35.969Z,null,null,null,null,null,null,Een meting van de onttrekking van een pompput.,Een meting van de onttrekking van een pompput.,null,null,null,null,null,null,null,https://data.omgeving.vlaanderen.be/id/concept/riepr/operationeel-grondwater/begintoestand|https://data.omgeving.vlaanderen.be/id/concept/riepr/operationeel-grondwater/volume|https://data.omgeving.vlaanderen.be/id/concept/riepr/operationeel-grondwater/eindtoestand|https://data.omgeving.vlaanderen.be/id/concept/riepr/operationeel-grondwater/onttrekking_feature|https://data.omgeving.vlaanderen.be/id/concept/riepr/operationeel-grondwater/periode|https://data.omgeving.vlaanderen.be/id/concept/riepr/operationeel-grondwater/type-debiet,true,null,null,null,https://data.riepr.omgeving.vlaanderen.be/ns/riepr#ObservatieVerzameling,null,null,null,true,null,null,null,null
https://data.omgeving.vlaanderen.be/id/concept/riepr/operationeel-grondwater/onttrekking_feature,http://www.w3.org/2004/02/skos/core#Concept,https://data.omgeving.vlaanderen.be/id/conceptscheme/riepr/operationeel_grondwater,null,Debietmeter,null,null,null,https://data.omgeving.vlaanderen.be/id/concept/riepr/operationeel-grondwater/onttrekking_feature,2026-10-07T06:07:35.969Z,null,null,null,https://data.omgeving.vlaanderen.be/id/concept/riepr/meetpunt-type/debietmeter,null,null,Actieve debietmeters in het productiejaar.,Actieve debietmeters in het productiejaar.,null,null,null,null,null,null,null,null,null,https://data.omgeving.vlaanderen.be/id/concept/riepr/operationeel-grondwater/onttrekking,null,null,http://www.w3.org/ns/sosa/FeatureOfInterest,null,null,null,true,null,https://data.riepr.omgeving.vlaanderen.be/ns/riepr#Onttrekking,null,null
https://data.omgeving.vlaanderen.be/id/concept/riepr/operationeel-grondwater/peilmethode,http://www.w3.org/2004/02/skos/core#Concept,https://data.omgeving.vlaanderen.be/id/conceptscheme/riepr/operationeel_grondwater,null,Peilmethode,null,null,null,https://data.omgeving.vlaanderen.be/id/concept/riepr/operationeel-grondwater/peilmethode,2026-10-07T06:07:35.969Z,null,null,null,null,https://data.omgeving.vlaanderen.be/id/conceptscheme/riepr/operationeel_peilmethode,null,null,null,null,null,null,null,null,null,null,null,null,https://data.omgeving.vlaanderen.be/id/concept/riepr/operationeel-grondwater/peilmeting,null,null,null,null,null,https://data.omgeving.vlaanderen.be/id/concept/riepr/operationeel-grondwater/diepte,null,null,null,null,null
https://data.omgeving.vlaanderen.be/id/concept/riepr/operationeel-grondwater/peilmeting,http://www.w3.org/2004/02/skos/core#Concept,https://data.omgeving.vlaanderen.be/id/conceptscheme/riepr/operationeel_grondwater,null,Peilmeting,https://data.omgeving.vlaanderen.be/id/conceptscheme/riepr/operationeel_grondwater,null,null,https://data.omgeving.vlaanderen.be/id/concept/riepr/operationeel-grondwater/peilmeting,2026-10-07T06:07:35.969Z,null,null,null,null,null,null,Een peilmeting van een pomp- of peilput.,Een peilmeting van een pomp- of peilput.,null,null,null,null,null,null,null,https://data.omgeving.vlaanderen.be/id/concept/riepr/operationeel-grondwater/datum|https://data.omgeving.vlaanderen.be/id/concept/riepr/operationeel-grondwater/peilmeting_feature|https://data.omgeving.vlaanderen.be/id/concept/riepr/operationeel-grondwater/diepte|https://data.omgeving.vlaanderen.be/id/concept/riepr/operationeel-grondwater/referentiepunt|https://data.omgeving.vlaanderen.be/id/concept/riepr/operationeel-grondwater/duur-stil|https://data.omgeving.vlaanderen.be/id/concept/riepr/operationeel-grondwater/pomptoestand|https://data.omgeving.vlaanderen.be/id/concept/riepr/operationeel-grondwater/peilmethode|https://data.omgeving.vlaanderen.be/id/concept/riepr/operationeel-grondwater/volume-rust|https://data.omgeving.vlaanderen.be/id/concept/riepr/operationeel-grondwater/volume-werking,true,null,null,null,https://data.riepr.omgeving.vlaanderen.be/ns/riepr#ObservatieVerzameling,null,null,https://data.omgeving.vlaanderen.be/id/concept/riepr/operationeel-grondwater/onttrekking,null,null,null,null,null
https://data.omgeving.vlaanderen.be/id/concept/riepr/operationeel-grondwater/peilmeting_feature,http://www.w3.org/2004/02/skos/core#Concept,https://data.omgeving.vlaanderen.be/id/conceptscheme/riepr/operationeel_grondwater,null,Peilfilter/Pompfilter,null,null,null,https://data.omgeving.vlaanderen.be/id/concept/riepr/operationeel-grondwater/peilmeting_feature,2026-10-07T06:07:35.969Z,null,null,null,https://data.omgeving.vlaanderen.be/id/concept/riepr/filter-type/peil|https://data.omgeving.vlaanderen.be/id/concept/riepr/filter-type/pomp,null,null,Actieve peil- en pompfilters in het productiejaar.,Actieve peil- en pompfilters in het productiejaar.,null,null,null,null,null,null,null,null,null,https://data.omgeving.vlaanderen.be/id/concept/riepr/operationeel-grondwater/peilmeting,null,null,http://www.w3.org/ns/sosa/FeatureOfInterest,null,null,null,true,null,null,null,null
https://data.omgeving.vlaanderen.be/id/concept/riepr/operationeel-grondwater/periode,http://www.w3.org/2004/02/skos/core#Concept,https://data.omgeving.vlaanderen.be/id/conceptscheme/riepr/operationeel_grondwater,null,Periode van onttrekking,null,null,http://purl.org/dc/terms/temporal,https://data.omgeving.vlaanderen.be/id/concept/riepr/operationeel-grondwater/periode,2026-10-07T06:07:35.969Z,null,null,null,null,null,null,null,null,null,null,null,null,null,null,null,null,null,https://data.omgeving.vlaanderen.be/id/concept/riepr/operationeel-grondwater/onttrekking,null,null,null,null,null,https://data.omgeving.vlaanderen.be/id/concept/riepr/operationeel-grondwater/onttrekking_feature,null,null,null,null,null
https://data.omgeving.vlaanderen.be/id/concept/riepr/operationeel-grondwater/pomptoestand,http://www.w3.org/2004/02/skos/core#Concept,https://data.omgeving.vlaanderen.be/id/conceptscheme/riepr/operationeel_grondwater,null,Pomptoestand,null,null,null,https://data.omgeving.vlaanderen.be/id/concept/riepr/operationeel-grondwater/pomptoestand,2026-10-07T06:07:35.969Z,null,null,null,null,https://data.omgeving.vlaanderen.be/id/conceptscheme/riepr/operationeel_pomptoestand,null,null,null,null,null,null,null,null,null,null,null,null,https://data.omgeving.vlaanderen.be/id/concept/riepr/operationeel-grondwater/peilmeting,null,null,null,null,null,https://data.omgeving.vlaanderen.be/id/concept/riepr/operationeel-grondwater/peilmethode,null,null,null,null,null
https://data.omgeving.vlaanderen.be/id/concept/riepr/operationeel-grondwater/referentiepunt,http://www.w3.org/2004/02/skos/core#Concept,https://data.omgeving.vlaanderen.be/id/conceptscheme/riepr/operationeel_grondwater,null,Referentiepunt,null,null,null,https://data.omgeving.vlaanderen.be/id/concept/riepr/operationeel-grondwater/referentiepunt,2026-10-07T06:07:35.969Z,null,null,null,https://data.omgeving.vlaanderen.be/id/concept/riepr/meetpunt-eigenschappen/referentiepunt,null,null,null,null,null,null,null,null,null,null,true,null,true,https://data.omgeving.vlaanderen.be/id/concept/riepr/operationeel-grondwater/peilmeting,null,null,null,null,null,https://data.omgeving.vlaanderen.be/id/concept/riepr/operationeel-grondwater/datum,null,null,null,null,null
https://data.omgeving.vlaanderen.be/id/concept/riepr/operationeel-grondwater/type-debiet,http://www.w3.org/2004/02/skos/core#Concept,https://data.omgeving.vlaanderen.be/id/conceptscheme/riepr/operationeel_grondwater,null,Type debiet,null,null,null,https://data.omgeving.vlaanderen.be/id/concept/riepr/operationeel-grondwater/type-debiet,2026-10-07T06:07:35.969Z,null,null,null,null,null,null,null,null,null,null,null,null,null,null,null,null,null,https://data.omgeving.vlaanderen.be/id/concept/riepr/operationeel-grondwater/onttrekking,null,null,null,https://data.omgeving.vlaanderen.be/id/conceptscheme/riepr/operationeel_debiet_type,null,https://data.omgeving.vlaanderen.be/id/concept/riepr/operationeel-grondwater/periode,null,null,null,null,null
https://data.omgeving.vlaanderen.be/id/concept/riepr/operationeel-grondwater/volume,http://www.w3.org/2004/02/skos/core#Concept,https://data.omgeving.vlaanderen.be/id/conceptscheme/riepr/operationeel_grondwater,null,Volume,null,null,http://www.w3.org/2001/XMLSchema#decimal,https://data.omgeving.vlaanderen.be/id/concept/riepr/operationeel-grondwater/volume,2026-10-07T06:07:35.969Z,null,null,null,null,null,http://qudt.org/vocab/unit/M3,null,null,null,null,null,null,null,null,true,null,null,https://data.omgeving.vlaanderen.be/id/concept/riepr/operationeel-grondwater/onttrekking,null,null,https://data.riepr.omgeving.vlaanderen.be/ns/riepr#Observatie,null,null,https://data.omgeving.vlaanderen.be/id/concept/riepr/operationeel-grondwater/type-debiet,null,null,null,null,null
https://data.omgeving.vlaanderen.be/id/concept/riepr/operationeel-grondwater/volume-rust,http://www.w3.org/2004/02/skos/core#Concept,https://data.omgeving.vlaanderen.be/id/conceptscheme/riepr/operationeel_grondwater,null,Volume (8u voor stilstand),null,null,http://www.w3.org/2001/XMLSchema#decimal,https://data.omgeving.vlaanderen.be/id/concept/riepr/operationeel-grondwater/volume-rust,2026-10-07T06:07:35.969Z,null,null,null,null,null,http://qudt.org/vocab/unit/M3,null,null,null,null,null,null,null,null,null,null,null,https://data.omgeving.vlaanderen.be/id/concept/riepr/operationeel-grondwater/peilmeting,null,null,null,https://data.omgeving.vlaanderen.be/id/concept/riepr/operationeel-pomptoestand/rust,https://data.omgeving.vlaanderen.be/id/concept/riepr/operationeel-grondwater/pomptoestand,https://data.omgeving.vlaanderen.be/id/concept/riepr/operationeel-grondwater/duur-stil,null,null,null,null,null
https://data.omgeving.vlaanderen.be/id/concept/riepr/operationeel-grondwater/volume-werking,http://www.w3.org/2004/02/skos/core#Concept,https://data.omgeving.vlaanderen.be/id/conceptscheme/riepr/operationeel_grondwater,null,Volume (1 uur voor meting),null,null,http://www.w3.org/2001/XMLSchema#decimal,https://data.omgeving.vlaanderen.be/id/concept/riepr/operationeel-grondwater/volume-werking,2026-10-07T06:07:35.969Z,null,null,null,null,null,http://qudt.org/vocab/unit/M3,null,null,null,null,null,null,null,null,null,null,null,https://data.omgeving.vlaanderen.be/id/concept/riepr/operationeel-grondwater/peilmeting,null,null,null,https://data.omgeving.vlaanderen.be/id/concept/riepr/operationeel-pomptoestand/werking,https://data.omgeving.vlaanderen.be/id/concept/riepr/operationeel-grondwater/pomptoestand,https://data.omgeving.vlaanderen.be/id/concept/riepr/operationeel-grondwater/volume-rust,null,null,null,null,null
https://data.omgeving.vlaanderen.be/id/concept/riepr/operationeel-lucht/afvalproduct,http://www.w3.org/2004/02/skos/core#Concept,https://data.omgeving.vlaanderen.be/id/conceptscheme/riepr/operationeel_lucht_rapportering,null,Afvalproduct,https://data.omgeving.vlaanderen.be/id/conceptscheme/riepr/operationeel_lucht_rapportering,null,null,https://data.omgeving.vlaanderen.be/id/concept/riepr/operationeel-lucht/afvalproduct,2026-10-07T06:07:35.969Z,null,null,null,null,null,null,Afvalproduct,Afvalproduct,null,null,null,null,null,null,null,https://data.omgeving.vlaanderen.be/id/concept/riepr/operationeel-lucht/afvalproduct_aard|https://data.omgeving.vlaanderen.be/id/concept/riepr/operationeel-lucht/afvalproduct_hoeveelheid|https://data.omgeving.vlaanderen.be/id/concept/riepr/operationeel-lucht/afvalproduct_naam,true,null,null,null,https://data.riepr.omgeving.vlaanderen.be/ns/riepr#Observatie,null,null,https://data.omgeving.vlaanderen.be/id/concept/riepr/operationeel-lucht/geproduceerde_stof,null,null,https://data.riepr.omgeving.vlaanderen.be/ns/riepr#Verbruik,null,null
https://data.omgeving.vlaanderen.be/id/concept/riepr/operationeel-lucht/afvalproduct_aard,http://www.w3.org/2004/02/skos/core#Concept,https://data.omgeving.vlaanderen.be/id/conceptscheme/riepr/operationeel_lucht_rapportering,null,Aard,null,null,http://www.w3.org/2001/XMLSchema#string,https://data.omgeving.vlaanderen.be/id/concept/riepr/operationeel-lucht/afvalproduct_aard,2026-10-07T06:07:35.969Z,null,null,null,null,null,null,Aard van de afvalproduct.,Aard van de afvalproduct.,null,null,null,null,null,null,true,null,null,https://data.omgeving.vlaanderen.be/id/concept/riepr/operationeel-lucht/afvalproduct,null,null,https://data.riepr.omgeving.vlaanderen.be/ns/riepr#Resultaat,null,null,https://data.omgeving.vlaanderen.be/id/concept/riepr/operationeel-lucht/afvalproduct_naam,null,null,null,null,null
https://data.omgeving.vlaanderen.be/id/concept/riepr/operationeel-lucht/afvalproduct_hoeveelheid,http://www.w3.org/2004/02/skos/core#Concept,https://data.omgeving.vlaanderen.be/id/conceptscheme/riepr/operationeel_lucht_rapportering,null,Verbruik,null,null,http://www.w3.org/2001/XMLSchema#decimal,https://data.omgeving.vlaanderen.be/id/concept/riepr/operationeel-lucht/afvalproduct_hoeveelheid,2026-10-07T06:07:35.969Z,null,null,null,null,null,http://TODO,null,null,null,null,null,null,null,null,null,null,null,https://data.omgeving.vlaanderen.be/id/concept/riepr/operationeel-lucht/afvalproduct,null,null,https://data.riepr.omgeving.vlaanderen.be/ns/riepr#Resultaat,null,null,https://data.omgeving.vlaanderen.be/id/concept/riepr/operationeel-lucht/afvalproduct_aard,null,null,null,null,null
https://data.omgeving.vlaanderen.be/id/concept/riepr/operationeel-lucht/afvalproduct_naam,http://www.w3.org/2004/02/skos/core#Concept,https://data.omgeving.vlaanderen.be/id/conceptscheme/riepr/operationeel_lucht_rapportering,null,Naam,null,null,http://www.w3.org/2001/XMLSchema#string,https://data.omgeving.vlaanderen.be/id/concept/riepr/operationeel-lucht/afvalproduct_naam,2026-10-07T06:07:35.969Z,null,null,null,null,null,null,Naam van het afvalproduct.,Naam van het afvalproduct.,null,null,null,null,null,null,true,null,null,https://data.omgeving.vlaanderen.be/id/concept/riepr/operationeel-lucht/afvalproduct,null,null,https://data.riepr.omgeving.vlaanderen.be/ns/riepr#Resultaat,null,null,null,true,null,null,null,null
https://data.omgeving.vlaanderen.be/id/concept/riepr/operationeel-lucht/brandstof,http://www.w3.org/2004/02/skos/core#Concept,https://data.omgeving.vlaanderen.be/id/conceptscheme/riepr/operationeel_lucht_rapportering,null,Verbruikte brandstof,https://data.omgeving.vlaanderen.be/id/conceptscheme/riepr/operationeel_lucht_rapportering,null,null,https://data.omgeving.vlaanderen.be/id/concept/riepr/operationeel-lucht/brandstof,2026-10-07T06:07:35.969Z,null,null,null,null,null,null,Geef de verbruikte brondstoffen op.,Geef de verbruikte brondstoffen op.,null,null,null,null,null,null,null,https://data.omgeving.vlaanderen.be/id/concept/riepr/operationeel-lucht/brandstof_as|https://data.omgeving.vlaanderen.be/id/concept/riepr/operationeel-lucht/brandstof_naam|https://data.omgeving.vlaanderen.be/id/concept/riepr/operationeel-lucht/brandstof_s|https://data.omgeving.vlaanderen.be/id/concept/riepr/operationeel-lucht/brandstof_verbruik,true,null,null,null,https://data.riepr.omgeving.vlaanderen.be/ns/riepr#ObservatieVerzameling,null,null,null,true,null,https://data.riepr.omgeving.vlaanderen.be/ns/riepr#Verbruik,null,null
https://data.omgeving.vlaanderen.be/id/concept/riepr/operationeel-lucht/brandstof_as,http://www.w3.org/2004/02/skos/core#Concept,https://data.omgeving.vlaanderen.be/id/conceptscheme/riepr/operationeel_lucht_rapportering,null,AS-gehalte,null,null,http://www.w3.org/2001/XMLSchema#decimal,https://data.omgeving.vlaanderen.be/id/concept/riepr/operationeel-lucht/brandstof_as,2026-10-07T06:07:35.969Z,null,null,null,null,null,null,null,null,null,null,null,null,null,null,true,null,null,https://data.omgeving.vlaanderen.be/id/concept/riepr/operationeel-lucht/brandstof,null,null,https://data.riepr.omgeving.vlaanderen.be/ns/riepr#Observatie,null,null,https://data.omgeving.vlaanderen.be/id/concept/riepr/operationeel-lucht/brandstof_s,null,null,null,null,null
https://data.omgeving.vlaanderen.be/id/concept/riepr/operationeel-lucht/brandstof_naam,http://www.w3.org/2004/02/skos/core#Concept,https://data.omgeving.vlaanderen.be/id/conceptscheme/riepr/operationeel_lucht_rapportering,null,Naam,null,null,http://www.w3.org/2001/XMLSchema#string,https://data.omgeving.vlaanderen.be/id/concept/riepr/operationeel-lucht/brandstof_naam,2026-10-07T06:07:35.969Z,null,null,null,null,null,null,Naam van de brandstof.,Naam van de brandstof.,null,null,null,null,null,null,true,null,null,https://data.omgeving.vlaanderen.be/id/concept/riepr/operationeel-lucht/brandstof,null,null,null,null,null,null,true,null,null,null,null
https://data.omgeving.vlaanderen.be/id/concept/riepr/operationeel-lucht/brandstof_s,http://www.w3.org/2004/02/skos/core#Concept,https://data.omgeving.vlaanderen.be/id/conceptscheme/riepr/operationeel_lucht_rapportering,null,S-gehalte,null,null,http://www.w3.org/2001/XMLSchema#decimal,https://data.omgeving.vlaanderen.be/id/concept/riepr/operationeel-lucht/brandstof_s,2026-10-07T06:07:35.969Z,null,null,null,null,null,null,null,null,null,null,null,null,null,null,true,null,null,https://data.omgeving.vlaanderen.be/id/concept/riepr/operationeel-lucht/brandstof,null,null,https://data.riepr.omgeving.vlaanderen.be/ns/riepr#Observatie,null,null,https://data.omgeving.vlaanderen.be/id/concept/riepr/operationeel-lucht/brandstof_naam,null,null,null,null,null
https://data.omgeving.vlaanderen.be/id/concept/riepr/operationeel-lucht/brandstof_verbruik,http://www.w3.org/2004/02/skos/core#Concept,https://data.omgeving.vlaanderen.be/id/conceptscheme/riepr/operationeel_lucht_rapportering,null,Verbruik,null,null,http://www.w3.org/2001/XMLSchema#decimal,https://data.omgeving.vlaanderen.be/id/concept/riepr/operationeel-lucht/brandstof_verbruik,2026-10-07T06:07:35.969Z,null,null,null,null,null,https://qudt.org/vocab/unit/GigaJ,Verbruik van de brandstof in GJ,Verbruik van de brandstof in GJ,null,null,null,null,null,null,true,null,null,https://data.omgeving.vlaanderen.be/id/concept/riepr/operationeel-lucht/brandstof,null,null,https://data.riepr.omgeving.vlaanderen.be/ns/riepr#Observatie,null,null,https://data.omgeving.vlaanderen.be/id/concept/riepr/operationeel-lucht/brandstof_as,null,null,null,null,null
https://data.omgeving.vlaanderen.be/id/concept/riepr/operationeel-lucht/emissie,http://www.w3.org/2004/02/skos/core#Concept,https://data.omgeving.vlaanderen.be/id/conceptscheme/riepr/operationeel_lucht_emissie,null,Emissie,https://data.omgeving.vlaanderen.be/id/conceptscheme/riepr/operationeel_lucht_emissie,null,null,https://data.omgeving.vlaanderen.be/id/concept/riepr/operationeel-lucht/emissie,2026-10-07T06:07:35.969Z,null,null,null,null,null,null,null,null,null,null,null,null,null,null,null,https://data.omgeving.vlaanderen.be/id/concept/riepr/operationeel-lucht/emissie_luchtoverschot|https://data.omgeving.vlaanderen.be/id/concept/riepr/operationeel-lucht/emissie_parameter|https://data.omgeving.vlaanderen.be/id/concept/riepr/operationeel-lucht/emissie_temperatuur|https://data.omgeving.vlaanderen.be/id/concept/riepr/operationeel-lucht/emissie_vochtgehalte|https://data.omgeving.vlaanderen.be/id/concept/riepr/operationeel-lucht/emissie_zuurstofgehalte|https://data.omgeving.vlaanderen.be/id/concept/riepr/operationeel-lucht/emissieduur|https://data.omgeving.vlaanderen.be/id/concept/riepr/operationeel-lucht/emissieperiode|https://data.omgeving.vlaanderen.be/id/concept/riepr/operationeel-lucht/emissieritme|https://data.omgeving.vlaanderen.be/id/concept/riepr/operationeel-lucht/emissietoestand|https://data.omgeving.vlaanderen.be/id/concept/riepr/operationeel-lucht/emissietype,true,null,null,null,https://data.riepr.omgeving.vlaanderen.be/ns/riepr#ObservatieVerzameling,null,null,null,null,null,https://data.riepr.omgeving.vlaanderen.be/ns/riepr#Emissie,null,null
https://data.omgeving.vlaanderen.be/id/concept/riepr/operationeel-lucht/emissie_luchtoverschot,http://www.w3.org/2004/02/skos/core#Concept,https://data.omgeving.vlaanderen.be/id/conceptscheme/riepr/operationeel_lucht_emissie,null,Luchtoverschot,null,null,http://www.w3.org/2001/XMLSchema#decimal,https://data.omgeving.vlaanderen.be/id/concept/riepr/operationeel-lucht/emissie_luchtoverschot,2026-10-07T06:07:35.969Z,null,null,null,null,null,http://qudt.org/vocab/unit/PERCENT,null,null,null,null,null,null,null,null,null,null,null,https://data.omgeving.vlaanderen.be/id/concept/riepr/operationeel-lucht/emissie,null,null,https://data.riepr.omgeving.vlaanderen.be/ns/riepr#Observatie,null,null,null,null,null,null,null,null
https://data.omgeving.vlaanderen.be/id/concept/riepr/operationeel-lucht/emissie_parameter,http://www.w3.org/2004/02/skos/core#Concept,https://data.omgeving.vlaanderen.be/id/conceptscheme/riepr/operationeel_lucht_emissie,null,Verontreinigende stof of BKG,null,null,null,https://data.omgeving.vlaanderen.be/id/concept/riepr/operationeel-lucht/emissie_parameter,2026-10-07T06:07:35.969Z,null,null,null,null,null,null,null,null,null,null,null,null,null,null,null,https://data.omgeving.vlaanderen.be/id/concept/riepr/operationeel-lucht/emissie_parameter_massastroom|https://data.omgeving.vlaanderen.be/id/concept/riepr/operationeel-lucht/emissie_parameter_meetfrequentie|https://data.omgeving.vlaanderen.be/id/concept/riepr/operationeel-lucht/emissie_parameter_parameter|https://data.omgeving.vlaanderen.be/id/concept/riepr/operationeel-lucht/emissie_parameter_standaardafwijking,true,https://data.omgeving.vlaanderen.be/id/concept/riepr/operationeel-lucht/emissie,null,null,null,null,null,null,null,null,null,null,null
https://data.omgeving.vlaanderen.be/id/concept/riepr/operationeel-lucht/emissie_parameter_massastroom,http://www.w3.org/2004/02/skos/core#Concept,https://data.omgeving.vlaanderen.be/id/conceptscheme/riepr/operationeel_lucht_emissie,null,Massastroom,null,null,http://www.w3.org/2001/XMLSchema#decimal,https://data.omgeving.vlaanderen.be/id/concept/riepr/operationeel-lucht/emissie_parameter_massastroom,2026-10-07T06:07:35.969Z,null,null,null,null,null,http://qudt.org/vocab/unit/KiloGM-PER-HR,null,null,null,null,null,null,null,null,null,null,null,https://data.omgeving.vlaanderen.be/id/concept/riepr/operationeel-lucht/emissie_parameter,null,null,null,null,null,null,null,null,null,null,null
https://data.omgeving.vlaanderen.be/id/concept/riepr/operationeel-lucht/emissie_parameter_meetfrequentie,http://www.w3.org/2004/02/skos/core#Concept,https://data.omgeving.vlaanderen.be/id/conceptscheme/riepr/operationeel_lucht_emissie,null,Meetfrequentie,null,null,null,https://data.omgeving.vlaanderen.be/id/concept/riepr/operationeel-lucht/emissie_parameter_meetfrequentie,2026-10-07T06:07:35.969Z,null,null,null,null,null,null,null,null,null,null,null,null,null,null,null,null,null,https://data.omgeving.vlaanderen.be/id/concept/riepr/operationeel-lucht/emissie_parameter,null,null,null,null,null,null,null,null,null,null,null
https://data.omgeving.vlaanderen.be/id/concept/riepr/operationeel-lucht/emissie_parameter_parameter,http://www.w3.org/2004/02/skos/core#Concept,https://data.omgeving.vlaanderen.be/id/conceptscheme/riepr/operationeel_lucht_emissie,null,Stof,null,null,null,https://data.omgeving.vlaanderen.be/id/concept/riepr/operationeel-lucht/emissie_parameter_parameter,2026-10-07T06:07:35.969Z,null,null,null,null,http://TODO,null,null,null,null,null,null,null,null,null,null,null,null,https://data.omgeving.vlaanderen.be/id/concept/riepr/operationeel-lucht/emissie_parameter,null,null,null,null,null,null,null,null,null,null,null
https://data.omgeving.vlaanderen.be/id/concept/riepr/operationeel-lucht/emissie_parameter_standaardafwijking,http://www.w3.org/2004/02/skos/core#Concept,https://data.omgeving.vlaanderen.be/id/conceptscheme/riepr/operationeel_lucht_emissie,null,Standaardafwijking,null,null,http://www.w3.org/2001/XMLSchema#decimal,https://data.omgeving.vlaanderen.be/id/concept/riepr/operationeel-lucht/emissie_parameter_standaardafwijking,2026-10-07T06:07:35.969Z,null,null,null,null,null,http://qudt.org/vocab/unit/PERCENT,null,null,null,null,null,null,null,null,null,null,null,https://data.omgeving.vlaanderen.be/id/concept/riepr/operationeel-lucht/emissie_parameter,null,null,null,null,null,null,null,null,null,null,null
https://data.omgeving.vlaanderen.be/id/concept/riepr/operationeel-lucht/emissie_temperatuur,http://www.w3.org/2004/02/skos/core#Concept,https://data.omgeving.vlaanderen.be/id/conceptscheme/riepr/operationeel_lucht_emissie,null,Temperatuur,null,null,http://www.w3.org/2001/XMLSchema#decimal,https://data.omgeving.vlaanderen.be/id/concept/riepr/operationeel-lucht/emissie_temperatuur,2026-10-07T06:07:35.969Z,null,null,null,null,null,http://qudt.org/vocab/unit/DEG_C,null,null,null,null,null,null,null,null,null,null,null,https://data.omgeving.vlaanderen.be/id/concept/riepr/operationeel-lucht/emissie,null,null,https://data.riepr.omgeving.vlaanderen.be/ns/riepr#Observatie,null,null,null,null,null,null,null,null
https://data.omgeving.vlaanderen.be/id/concept/riepr/operationeel-lucht/emissie_vochtgehalte,http://www.w3.org/2004/02/skos/core#Concept,https://data.omgeving.vlaanderen.be/id/conceptscheme/riepr/operationeel_lucht_emissie,null,Vochtgehalte,null,null,http://www.w3.org/2001/XMLSchema#decimal,https://data.omgeving.vlaanderen.be/id/concept/riepr/operationeel-lucht/emissie_vochtgehalte,2026-10-07T06:07:35.969Z,null,null,null,null,null,http://qudt.org/vocab/unit/PERCENT,null,null,null,null,null,null,null,null,null,null,null,https://data.omgeving.vlaanderen.be/id/concept/riepr/operationeel-lucht/emissie,null,null,https://data.riepr.omgeving.vlaanderen.be/ns/riepr#Observatie,null,null,null,null,null,null,null,null
https://data.omgeving.vlaanderen.be/id/concept/riepr/operationeel-lucht/emissie_zuurstofgehalte,http://www.w3.org/2004/02/skos/core#Concept,https://data.omgeving.vlaanderen.be/id/conceptscheme/riepr/operationeel_lucht_emissie,null,Zuurstofgehalte,null,null,http://www.w3.org/2001/XMLSchema#decimal,https://data.omgeving.vlaanderen.be/id/concept/riepr/operationeel-lucht/emissie_zuurstofgehalte,2026-10-07T06:07:35.969Z,null,null,null,null,null,http://qudt.org/vocab/unit/PERCENT,null,null,null,null,null,null,null,null,null,null,null,https://data.omgeving.vlaanderen.be/id/concept/riepr/operationeel-lucht/emissie,null,null,https://data.riepr.omgeving.vlaanderen.be/ns/riepr#Observatie,null,null,null,null,null,null,null,null
https://data.omgeving.vlaanderen.be/id/concept/riepr/operationeel-lucht/emissieduur,http://www.w3.org/2004/02/skos/core#Concept,https://data.omgeving.vlaanderen.be/id/conceptscheme/riepr/operationeel_lucht_emissie,null,Emissieduur,null,null,http://www.w3.org/2001/XMLSchema#integer,https://data.omgeving.vlaanderen.be/id/concept/riepr/operationeel-lucht/emissieduur,2026-10-07T06:07:35.969Z,null,null,null,null,null,null,null,null,null,null,null,null,null,null,null,null,null,https://data.omgeving.vlaanderen.be/id/concept/riepr/operationeel-lucht/emissie,null,null,null,null,null,null,null,null,null,null,null
https://data.omgeving.vlaanderen.be/id/concept/riepr/operationeel-lucht/emissieperiode,http://www.w3.org/2004/02/skos/core#Concept,https://data.omgeving.vlaanderen.be/id/conceptscheme/riepr/operationeel_lucht_emissie,null,Emissieperiode,null,null,http://www.w3.org/2001/XMLSchema#string,https://data.omgeving.vlaanderen.be/id/concept/riepr/operationeel-lucht/emissieperiode,2026-10-07T06:07:35.969Z,null,null,null,null,null,null,null,null,null,null,null,null,null,null,null,null,null,https://data.omgeving.vlaanderen.be/id/concept/riepr/operationeel-lucht/emissie,null,null,null,null,null,null,null,null,null,null,null
https://data.omgeving.vlaanderen.be/id/concept/riepr/operationeel-lucht/emissieritme,http://www.w3.org/2004/02/skos/core#Concept,https://data.omgeving.vlaanderen.be/id/conceptscheme/riepr/operationeel_lucht_emissie,null,Emissieritme,null,null,http://www.w3.org/2001/XMLSchema#string,https://data.omgeving.vlaanderen.be/id/concept/riepr/operationeel-lucht/emissieritme,2026-10-07T06:07:35.969Z,null,null,null,null,null,null,null,null,null,null,null,null,null,null,null,null,null,https://data.omgeving.vlaanderen.be/id/concept/riepr/operationeel-lucht/emissie,null,null,null,null,null,null,null,null,null,null,null
https://data.omgeving.vlaanderen.be/id/concept/riepr/operationeel-lucht/emissietoestand,http://www.w3.org/2004/02/skos/core#Concept,https://data.omgeving.vlaanderen.be/id/conceptscheme/riepr/operationeel_lucht_emissie,null,Toestand indicator,null,null,null,https://data.omgeving.vlaanderen.be/id/concept/riepr/operationeel-lucht/emissietoestand,2026-10-07T06:07:35.969Z,null,null,null,null,https://data.omgeving.vlaanderen.be/id/conceptscheme/riepr/operationeel_toestand_indicator,null,null,null,null,null,null,null,null,null,null,null,null,https://data.omgeving.vlaanderen.be/id/concept/riepr/operationeel-lucht/emissie,null,null,null,null,null,null,null,null,null,null,null
https://data.omgeving.vlaanderen.be/id/concept/riepr/operationeel-lucht/emissietype,http://www.w3.org/2004/02/skos/core#Concept,https://data.omgeving.vlaanderen.be/id/conceptscheme/riepr/operationeel_lucht_emissie,null,Emissietype,null,null,null,https://data.omgeving.vlaanderen.be/id/concept/riepr/operationeel-lucht/emissietype,2026-10-07T06:07:35.969Z,null,null,null,null,https://data.omgeving.vlaanderen.be/id/conceptscheme/riepr/emissie_type,null,null,null,null,null,null,null,null,null,null,null,null,https://data.omgeving.vlaanderen.be/id/concept/riepr/operationeel-lucht/emissie,null,null,null,null,null,null,null,null,null,null,null
https://data.omgeving.vlaanderen.be/id/concept/riepr/operationeel-lucht/feature_bron,http://www.w3.org/2004/02/skos/core#Concept,https://data.omgeving.vlaanderen.be/id/conceptscheme/riepr/operationeel_lucht_bron,null,Bron(nen),https://data.omgeving.vlaanderen.be/id/conceptscheme/riepr/operationeel_lucht_bron,https://data.omgeving.vlaanderen.be/id/conceptscheme/riepr/operationeel_lucht_rapportering,null,null,null,null,null,null,https://data.riepr.omgeving.vlaanderen.be/ns/riepr#Installatie,null,null,Selecteer de bron(nen) waarop je wil rapporteren.,Selecteer de bron(nen) waarop je wil rapporteren.,null,null,null,null,null,null,null,null,null,null,null,null,http://www.w3.org/ns/sosa/FeatureOfInterest,null,null,null,true,true,null,null,null
https://data.omgeving.vlaanderen.be/id/concept/riepr/operationeel-lucht/feature_ep,http://www.w3.org/2004/02/skos/core#Concept,https://data.omgeving.vlaanderen.be/id/conceptscheme/riepr/operationeel_lucht,null,Emissiepunt,https://data.omgeving.vlaanderen.be/id/conceptscheme/riepr/operationeel_lucht,https://data.omgeving.vlaanderen.be/id/conceptscheme/riepr/operationeel_lucht_bron,null,null,null,null,null,null,https://data.omgeving.vlaanderen.be/id/concept/riepr/emissiepunt-type/schoorsteen,null,null,Selecteer het emissiepunt waarop je wil rapporteren.,Selecteer het emissiepunt waarop je wil rapporteren.,null,null,null,null,null,null,null,null,null,null,null,null,http://www.w3.org/ns/sosa/FeatureOfInterest,null,null,null,true,null,null,null,null
https://data.omgeving.vlaanderen.be/id/concept/riepr/operationeel-lucht/geproduceerde_stof,http://www.w3.org/2004/02/skos/core#Concept,https://data.omgeving.vlaanderen.be/id/conceptscheme/riepr/operationeel_lucht_rapportering,null,Geproduceerde stof,https://data.omgeving.vlaanderen.be/id/conceptscheme/riepr/operationeel_lucht_rapportering,null,null,https://data.omgeving.vlaanderen.be/id/concept/riepr/operationeel-lucht/geproduceerde_stof,2026-10-07T06:07:35.969Z,null,null,null,null,null,null,Geproduceerde stof.,Geproduceerde stof.,null,null,null,null,null,null,null,https://data.omgeving.vlaanderen.be/id/concept/riepr/operationeel-lucht/geproduceerde_stof_aard|https://data.omgeving.vlaanderen.be/id/concept/riepr/operationeel-lucht/geproduceerde_stof_hoeveelheid|https://data.omgeving.vlaanderen.be/id/concept/riepr/operationeel-lucht/geproduceerde_stof_naam,true,null,null,null,https://data.riepr.omgeving.vlaanderen.be/ns/riepr#Observatie,null,null,https://data.omgeving.vlaanderen.be/id/concept/riepr/operationeel-lucht/verbruikte_stof,null,null,https://data.riepr.omgeving.vlaanderen.be/ns/riepr#Verbruik,null,null
https://data.omgeving.vlaanderen.be/id/concept/riepr/operationeel-lucht/geproduceerde_stof_aard,http://www.w3.org/2004/02/skos/core#Concept,https://data.omgeving.vlaanderen.be/id/conceptscheme/riepr/operationeel_lucht_rapportering,null,Aard,null,null,http://www.w3.org/2001/XMLSchema#string,https://data.omgeving.vlaanderen.be/id/concept/riepr/operationeel-lucht/geproduceerde_stof_aard,2026-10-07T06:07:35.969Z,null,null,null,null,null,null,Aard van de geproduceerde stof.,Aard van de geproduceerde stof.,null,null,null,null,null,null,true,null,null,https://data.omgeving.vlaanderen.be/id/concept/riepr/operationeel-lucht/geproduceerde_stof,null,null,https://data.riepr.omgeving.vlaanderen.be/ns/riepr#Resultaat,null,null,https://data.omgeving.vlaanderen.be/id/concept/riepr/operationeel-lucht/geproduceerde_stof_naam,null,null,null,null,null
https://data.omgeving.vlaanderen.be/id/concept/riepr/operationeel-lucht/geproduceerde_stof_hoeveelheid,http://www.w3.org/2004/02/skos/core#Concept,https://data.omgeving.vlaanderen.be/id/conceptscheme/riepr/operationeel_lucht_rapportering,null,Verbruik,null,null,http://www.w3.org/2001/XMLSchema#decimal,https://data.omgeving.vlaanderen.be/id/concept/riepr/operationeel-lucht/geproduceerde_stof_hoeveelheid,2026-10-07T06:07:35.969Z,null,null,null,null,null,http://TODO,null,null,null,null,null,null,null,null,null,null,null,https://data.omgeving.vlaanderen.be/id/concept/riepr/operationeel-lucht/geproduceerde_stof,null,null,https://data.riepr.omgeving.vlaanderen.be/ns/riepr#Resultaat,null,null,https://data.omgeving.vlaanderen.be/id/concept/riepr/operationeel-lucht/geproduceerde_stof_aard,null,null,null,null,null
https://data.omgeving.vlaanderen.be/id/concept/riepr/operationeel-lucht/geproduceerde_stof_naam,http://www.w3.org/2004/02/skos/core#Concept,https://data.omgeving.vlaanderen.be/id/conceptscheme/riepr/operationeel_lucht_rapportering,null,Naam,null,null,http://www.w3.org/2001/XMLSchema#string,https://data.omgeving.vlaanderen.be/id/concept/riepr/operationeel-lucht/geproduceerde_stof_naam,2026-10-07T06:07:35.969Z,null,null,null,null,null,null,Naam van de geproduceerde stof.,Naam van de geproduceerde stof.,null,null,null,null,null,null,true,null,null,https://data.omgeving.vlaanderen.be/id/concept/riepr/operationeel-lucht/geproduceerde_stof,null,null,https://data.riepr.omgeving.vlaanderen.be/ns/riepr#Resultaat,null,null,null,true,null,null,null,null
https://data.omgeving.vlaanderen.be/id/concept/riepr/operationeel-lucht/verbruikte_stof,http://www.w3.org/2004/02/skos/core#Concept,https://data.omgeving.vlaanderen.be/id/conceptscheme/riepr/operationeel_lucht_rapportering,null,Verbruikte stof,https://data.omgeving.vlaanderen.be/id/conceptscheme/riepr/operationeel_lucht_rapportering,null,null,https://data.omgeving.vlaanderen.be/id/concept/riepr/operationeel-lucht/verbruikte_stof,2026-10-07T06:07:35.969Z,null,null,null,null,null,null,Geef de verbruikte stoffen op.,Geef de verbruikte stoffen op.,null,null,null,null,null,null,null,https://data.omgeving.vlaanderen.be/id/concept/riepr/operationeel-lucht/verbruikte_stof_aard|https://data.omgeving.vlaanderen.be/id/concept/riepr/operationeel-lucht/verbruikte_stof_hoeveelheid|https://data.omgeving.vlaanderen.be/id/concept/riepr/operationeel-lucht/verbruikte_stof_naam,true,null,null,null,https://data.riepr.omgeving.vlaanderen.be/ns/riepr#Observatie,null,null,https://data.omgeving.vlaanderen.be/id/concept/riepr/operationeel-lucht/brandstof,null,null,https://data.riepr.omgeving.vlaanderen.be/ns/riepr#Verbruik,null,null
https://data.omgeving.vlaanderen.be/id/concept/riepr/operationeel-lucht/verbruikte_stof_aard,http://www.w3.org/2004/02/skos/core#Concept,https://data.omgeving.vlaanderen.be/id/conceptscheme/riepr/operationeel_lucht_rapportering,null,Aard,null,null,http://www.w3.org/2001/XMLSchema#string,https://data.omgeving.vlaanderen.be/id/concept/riepr/operationeel-lucht/verbruikte_stof_aard,2026-10-07T06:07:35.969Z,null,null,null,null,null,null,Aard van het verbruik.,Aard van het verbruik.,null,null,null,null,null,null,true,null,null,https://data.omgeving.vlaanderen.be/id/concept/riepr/operationeel-lucht/verbruikte_stof,null,null,https://data.riepr.omgeving.vlaanderen.be/ns/riepr#Resultaat,null,null,https://data.omgeving.vlaanderen.be/id/concept/riepr/operationeel-lucht/verbruikte_stof_naam,null,null,null,null,null
https://data.omgeving.vlaanderen.be/id/concept/riepr/operationeel-lucht/verbruikte_stof_hoeveelheid,http://www.w3.org/2004/02/skos/core#Concept,https://data.omgeving.vlaanderen.be/id/conceptscheme/riepr/operationeel_lucht_rapportering,null,Verbruik,null,null,http://www.w3.org/2001/XMLSchema#decimal,https://data.omgeving.vlaanderen.be/id/concept/riepr/operationeel-lucht/verbruikte_stof_hoeveelheid,2026-10-07T06:07:35.969Z,null,null,null,null,null,http://TODO,null,null,null,null,null,null,null,null,true,null,null,https://data.omgeving.vlaanderen.be/id/concept/riepr/operationeel-lucht/verbruikte_stof,null,null,https://data.riepr.omgeving.vlaanderen.be/ns/riepr#Resultaat,null,null,https://data.omgeving.vlaanderen.be/id/concept/riepr/operationeel-lucht/verbruikte_stof_aard,null,null,null,null,null
https://data.omgeving.vlaanderen.be/id/concept/riepr/operationeel-lucht/verbruikte_stof_naam,http://www.w3.org/2004/02/skos/core#Concept,https://data.omgeving.vlaanderen.be/id/conceptscheme/riepr/operationeel_lucht_rapportering,null,Naam,null,null,http://www.w3.org/2001/XMLSchema#string,https://data.omgeving.vlaanderen.be/id/concept/riepr/operationeel-lucht/verbruikte_stof_naam,2026-10-07T06:07:35.969Z,null,null,null,null,null,null,Naam van de verbruikte stof.,Naam van de verbruikte stof.,null,null,null,null,null,null,true,null,null,https://data.omgeving.vlaanderen.be/id/concept/riepr/operationeel-lucht/verbruikte_stof,null,null,null,null,null,null,true,null,null,null,null
https://data.omgeving.vlaanderen.be/id/concept/riepr/operationeel-meetfrequentie/test,http://www.w3.org/2004/02/skos/core#Concept,https://data.omgeving.vlaanderen.be/id/conceptscheme/riepr/operationeel_zelfcontrole_meetfrequentie,null,Test,https://data.omgeving.vlaanderen.be/id/conceptscheme/riepr/operationeel_zelfcontrole_meetfrequentie,null,null,null,null,null,null,null,null,null,null,null,null,null,null,null,null,null,null,null,null,null,null,null,null,null,null,null,null,null,null,null,null,null
https://data.omgeving.vlaanderen.be/id/concept/riepr/operationeel-peilmethode/automatische_sonde,http://www.w3.org/2004/02/skos/core#Concept,https://data.omgeving.vlaanderen.be/id/conceptscheme/riepr/operationeel_peilmethode,null,Automatische sonde,https://data.omgeving.vlaanderen.be/id/conceptscheme/riepr/operationeel_peilmethode,null,null,null,null,null,null,null,null,null,null,null,null,null,null,null,null,null,null,null,null,null,null,null,null,null,null,null,null,null,null,null,null,null
https://data.omgeving.vlaanderen.be/id/concept/riepr/operationeel-peilmethode/overige,http://www.w3.org/2004/02/skos/core#Concept,https://data.omgeving.vlaanderen.be/id/conceptscheme/riepr/operationeel_peilmethode,null,Andere methode,https://data.omgeving.vlaanderen.be/id/conceptscheme/riepr/operationeel_peilmethode,null,null,null,null,null,null,null,null,null,null,null,null,null,null,null,null,null,null,null,null,null,null,null,null,null,null,null,null,null,null,null,null,null
https://data.omgeving.vlaanderen.be/id/concept/riepr/operationeel-peilmethode/peillint,http://www.w3.org/2004/02/skos/core#Concept,https://data.omgeving.vlaanderen.be/id/conceptscheme/riepr/operationeel_peilmethode,null,Peillint,https://data.omgeving.vlaanderen.be/id/conceptscheme/riepr/operationeel_peilmethode,null,null,null,null,null,null,null,null,null,null,null,null,null,null,null,null,null,null,null,null,null,null,null,null,null,null,null,null,null,null,null,null,null
https://data.omgeving.vlaanderen.be/id/concept/riepr/operationeel-pomptoestand/rust,http://www.w3.org/2004/02/skos/core#Concept,https://data.omgeving.vlaanderen.be/id/conceptscheme/riepr/operationeel_pomptoestand,null,Rust,https://data.omgeving.vlaanderen.be/id/conceptscheme/riepr/operationeel_pomptoestand,null,null,null,null,null,null,null,null,null,null,null,null,null,null,null,null,null,null,null,null,null,null,null,null,null,null,null,null,null,null,null,null,null
https://data.omgeving.vlaanderen.be/id/concept/riepr/operationeel-pomptoestand/werking,http://www.w3.org/2004/02/skos/core#Concept,https://data.omgeving.vlaanderen.be/id/conceptscheme/riepr/operationeel_pomptoestand,null,In werking,https://data.omgeving.vlaanderen.be/id/conceptscheme/riepr/operationeel_pomptoestand,null,null,null,null,null,null,null,null,null,null,null,null,null,null,null,null,null,null,null,null,null,null,null,null,null,null,null,null,null,null,null,null,null
https://data.omgeving.vlaanderen.be/id/concept/riepr/operationeel-techniekmonstername/aftap,http://www.w3.org/2004/02/skos/core#Concept,https://data.omgeving.vlaanderen.be/id/conceptscheme/riepr/operationeel_techniekmonstername,null,Aftap via monsterkraantje,https://data.omgeving.vlaanderen.be/id/conceptscheme/riepr/operationeel_techniekmonstername,null,null,null,null,null,null,null,null,null,null,null,null,null,null,null,null,null,null,null,null,null,null,null,null,null,null,null,null,null,null,null,null,null
https://data.omgeving.vlaanderen.be/id/concept/riepr/operationeel-toepassingswijze/brandstof,http://www.w3.org/2004/02/skos/core#Concept,https://data.omgeving.vlaanderen.be/id/conceptscheme/riepr/operationeel_toepassingwijze,null,Gebruik als brandstof,https://data.omgeving.vlaanderen.be/id/conceptscheme/riepr/operationeel_toepassingwijze,null,null,null,null,null,null,null,null,null,null,null,null,null,null,null,null,null,null,null,null,null,null,null,null,null,null,null,null,null,null,null,null,null
https://data.omgeving.vlaanderen.be/id/concept/riepr/operationeel-toepassingswijze/dispers,http://www.w3.org/2004/02/skos/core#Concept,https://data.omgeving.vlaanderen.be/id/conceptscheme/riepr/operationeel_toepassingwijze,null,Dispers gebruik,https://data.omgeving.vlaanderen.be/id/conceptscheme/riepr/operationeel_toepassingwijze,null,null,null,null,null,null,null,null,null,null,null,null,null,null,null,null,null,null,null,null,null,null,null,null,null,null,null,null,null,null,null,null,null
https://data.omgeving.vlaanderen.be/id/concept/riepr/operationeel-toepassingswijze/overige,http://www.w3.org/2004/02/skos/core#Concept,https://data.omgeving.vlaanderen.be/id/conceptscheme/riepr/operationeel_toepassingwijze,null,Ander gebruik in de ingedeelde inrichting,https://data.omgeving.vlaanderen.be/id/conceptscheme/riepr/operationeel_toepassingwijze,null,null,null,null,null,null,null,null,null,null,null,null,null,null,null,null,null,null,null,null,null,null,null,null,null,null,null,null,null,null,null,null,null
https://data.omgeving.vlaanderen.be/id/concept/riepr/operationeel-toestand-indicator/droog,http://www.w3.org/2004/02/skos/core#Concept,https://data.omgeving.vlaanderen.be/id/conceptscheme/riepr/operationeel_toestand_indicator,null,Droog,https://data.omgeving.vlaanderen.be/id/conceptscheme/riepr/operationeel_toestand_indicator,null,null,https://data.omgeving.vlaanderen.be/id/concept/riepr/operationeel-toestand-indicator/droog,2026-10-07T06:07:35.969Z,null,null,null,null,null,null,null,null,null,null,null,null,null,null,null,null,null,null,null,null,null,null,null,null,null,null,null,null,null
https://data.omgeving.vlaanderen.be/id/concept/riepr/operationeel-toestand-indicator/nat,http://www.w3.org/2004/02/skos/core#Concept,https://data.omgeving.vlaanderen.be/id/conceptscheme/riepr/operationeel_toestand_indicator,null,Nat,https://data.omgeving.vlaanderen.be/id/conceptscheme/riepr/operationeel_toestand_indicator,null,null,https://data.omgeving.vlaanderen.be/id/concept/riepr/operationeel-toestand-indicator/nat,2026-10-07T06:07:35.969Z,null,null,null,null,null,null,null,null,null,null,null,null,null,null,null,null,null,null,null,null,null,null,null,null,null,null,null,null,null
https://data.omgeving.vlaanderen.be/id/concept/riepr/operationeel-water/abnormale-lozing,http://www.w3.org/2004/02/skos/core#Concept,https://data.omgeving.vlaanderen.be/id/conceptscheme/riepr/operationeel_water_lozing,null,Abnormale lozing,https://data.omgeving.vlaanderen.be/id/conceptscheme/riepr/operationeel_water_lozing,null,null,https://data.omgeving.vlaanderen.be/id/concept/riepr/operationeel-water/abnormale-lozing,2026-10-07T06:07:35.969Z,null,null,null,null,null,null,null,null,null,null,null,null,null,null,false,https://data.omgeving.vlaanderen.be/id/concept/riepr/operationeel-water/abnormale-lozing-jaarvracht|https://data.omgeving.vlaanderen.be/id/concept/riepr/operationeel-water/abnormale-lozing-lozingsduur|https://data.omgeving.vlaanderen.be/id/concept/riepr/operationeel-water/abnormale-lozing-stof|https://data.omgeving.vlaanderen.be/id/concept/riepr/operationeel-water/abnormale-lozing-verklaring,true,null,null,null,https://data.riepr.omgeving.vlaanderen.be/ns/riepr#Observatie,null,null,https://data.omgeving.vlaanderen.be/id/concept/riepr/operationeel-water/lozing,null,null,null,null,null
https://data.omgeving.vlaanderen.be/id/concept/riepr/operationeel-water/abnormale-lozing-jaarvracht,http://www.w3.org/2004/02/skos/core#Concept,https://data.omgeving.vlaanderen.be/id/conceptscheme/riepr/operationeel_water_lozing,null,Jaarvracht,null,null,http://www.w3.org/2001/XMLSchema#decimal,https://data.omgeving.vlaanderen.be/id/concept/riepr/operationeel-water/abnormale-lozing-jaarvracht,2026-10-07T06:07:35.969Z,null,null,null,null,null,http://TODO,null,null,null,null,null,null,null,null,null,null,null,https://data.omgeving.vlaanderen.be/id/concept/riepr/operationeel-water/abnormale-lozing,null,null,null,null,null,https://data.omgeving.vlaanderen.be/id/concept/riepr/operationeel-water/abnormale-lozing-lozingsduur,null,null,null,null,null
https://data.omgeving.vlaanderen.be/id/concept/riepr/operationeel-water/abnormale-lozing-lozingsduur,http://www.w3.org/2004/02/skos/core#Concept,https://data.omgeving.vlaanderen.be/id/conceptscheme/riepr/operationeel_water_lozing,null,Lozingsduur,null,null,http://www.w3.org/2001/XMLSchema#integer,https://data.omgeving.vlaanderen.be/id/concept/riepr/operationeel-water/abnormale-lozing-lozingsduur,2026-10-07T06:07:35.969Z,null,null,null,null,null,http://qudt.org/vocab/unit/DAY,null,null,null,null,null,null,null,null,true,null,null,https://data.omgeving.vlaanderen.be/id/concept/riepr/operationeel-water/abnormale-lozing,null,null,null,null,null,https://data.omgeving.vlaanderen.be/id/concept/riepr/operationeel-water/abnormale-lozing-stof,null,null,null,null,null
https://data.omgeving.vlaanderen.be/id/concept/riepr/operationeel-water/abnormale-lozing-stof,http://www.w3.org/2004/02/skos/core#Concept,https://data.omgeving.vlaanderen.be/id/conceptscheme/riepr/operationeel_water_lozing,null,Verontreinigende stof,null,null,null,https://data.omgeving.vlaanderen.be/id/concept/riepr/operationeel-water/abnormale-lozing-stof,2026-10-07T06:07:35.969Z,null,null,null,https://data.omgeving.vlaanderen.be/id/conceptscheme/csor/variabele,null,null,null,null,null,null,null,null,null,null,true,null,null,https://data.omgeving.vlaanderen.be/id/concept/riepr/operationeel-water/abnormale-lozing,null,null,null,null,null,null,true,null,null,null,null
https://data.omgeving.vlaanderen.be/id/concept/riepr/operationeel-water/abnormale-lozing-verklaring,http://www.w3.org/2004/02/skos/core#Concept,https://data.omgeving.vlaanderen.be/id/conceptscheme/riepr/operationeel_water_lozing,null,Verklaring,null,null,http://www.w3.org/2001/XMLSchema#string,https://data.omgeving.vlaanderen.be/id/concept/riepr/operationeel-water/abnormale-lozing-verklaring,2026-10-07T06:07:35.969Z,null,null,null,null,null,null,null,null,null,null,null,null,null,null,null,null,null,https://data.omgeving.vlaanderen.be/id/concept/riepr/operationeel-water/abnormale-lozing,null,null,null,null,null,https://data.omgeving.vlaanderen.be/id/concept/riepr/operationeel-water/abnormale-lozing-jaarvracht,null,null,null,null,null
https://data.omgeving.vlaanderen.be/id/concept/riepr/operationeel-water/feature,http://www.w3.org/2004/02/skos/core#Concept,https://data.omgeving.vlaanderen.be/id/conceptscheme/riepr/operationeel_water,null,Controleinrichting,https://data.omgeving.vlaanderen.be/id/conceptscheme/riepr/operationeel_water,https://data.omgeving.vlaanderen.be/id/conceptscheme/riepr/operationeel_water_lozing,null,null,null,null,null,null,https://data.omgeving.vlaanderen.be/id/concept/riepr/meetpunt-type/controleinrichting,null,null,De controleinrichting waarop gerapporteed moet worden.,De controleinrichting waarop gerapporteed moet worden.,null,null,null,null,null,null,true,null,true,null,null,null,http://www.w3.org/ns/sosa/FeatureOfInterest,null,null,null,true,null,null,null,null
https://data.omgeving.vlaanderen.be/id/concept/riepr/operationeel-water/lozing,http://www.w3.org/2004/02/skos/core#Concept,https://data.omgeving.vlaanderen.be/id/conceptscheme/riepr/operationeel_water_lozing,null,Lozing,https://data.omgeving.vlaanderen.be/id/conceptscheme/riepr/operationeel_water_lozing,null,null,https://data.omgeving.vlaanderen.be/id/concept/riepr/operationeel-water/lozing,2026-10-07T06:07:35.969Z,null,null,null,null,null,null,null,null,null,null,null,null,null,null,true,https://data.omgeving.vlaanderen.be/id/concept/riepr/operationeel-water/lozing-bepalingsmethode|https://data.omgeving.vlaanderen.be/id/concept/riepr/operationeel-water/lozing-jaarvracht|https://data.omgeving.vlaanderen.be/id/concept/riepr/operationeel-water/lozing-bepalingsmethodeclassificatie|https://data.omgeving.vlaanderen.be/id/concept/riepr/operationeel-water/lozing-concentratie|https://data.omgeving.vlaanderen.be/id/concept/riepr/operationeel-water/lozing-meetfrequentie|https://data.omgeving.vlaanderen.be/id/concept/riepr/operationeel-water/lozing-dagen|https://data.omgeving.vlaanderen.be/id/concept/riepr/operationeel-water/lozing-debiet|https://data.omgeving.vlaanderen.be/id/concept/riepr/operationeel-water/lozing-stof,true,null,null,null,https://data.riepr.omgeving.vlaanderen.be/ns/riepr#ObservatieVerzameling,null,null,null,true,null,https://data.riepr.omgeving.vlaanderen.be/ns/riepr#Emissie,null,null
https://data.omgeving.vlaanderen.be/id/concept/riepr/operationeel-water/lozing-bepalingsmethode,http://www.w3.org/2004/02/skos/core#Concept,https://data.omgeving.vlaanderen.be/id/conceptscheme/riepr/operationeel_water_lozing,null,Bepalingsmethode,null,null,null,https://data.omgeving.vlaanderen.be/id/concept/riepr/operationeel-water/lozing-bepalingsmethode,2026-10-07T06:07:35.969Z,null,null,null,null,https://data.omgeving.vlaanderen.be/id/conceptscheme/riepr/operationeel_bepalingsmethode,null,null,null,null,null,null,null,null,null,null,null,null,https://data.omgeving.vlaanderen.be/id/concept/riepr/operationeel-water/lozing,null,null,null,null,null,https://data.omgeving.vlaanderen.be/id/concept/riepr/operationeel-water/lozing-jaarvracht,null,null,null,null,null
https://data.omgeving.vlaanderen.be/id/concept/riepr/operationeel-water/lozing-bepalingsmethodeclassificatie,http://www.w3.org/2004/02/skos/core#Concept,https://data.omgeving.vlaanderen.be/id/conceptscheme/riepr/operationeel_water_lozing,null,Bepalingsmethodeclassificatie,null,null,null,https://data.omgeving.vlaanderen.be/id/concept/riepr/operationeel-water/lozing-bepalingsmethodeclassificatie,2026-10-07T06:07:35.969Z,null,null,null,null,https://data.omgeving.vlaanderen.be/id/conceptscheme/riepr/operationeel_bepalingsmethodeclassificatie,null,null,null,null,null,null,null,null,null,null,null,null,https://data.omgeving.vlaanderen.be/id/concept/riepr/operationeel-water/lozing,null,null,null,null,null,https://data.omgeving.vlaanderen.be/id/concept/riepr/operationeel-water/lozing-bepalingsmethode,null,null,null,null,null
https://data.omgeving.vlaanderen.be/id/concept/riepr/operationeel-water/lozing-concentratie,http://www.w3.org/2004/02/skos/core#Concept,https://data.omgeving.vlaanderen.be/id/conceptscheme/riepr/operationeel_water_lozing,null,Gemiddelde concentratie,null,null,http://www.w3.org/2001/XMLSchema#decimal,https://data.omgeving.vlaanderen.be/id/concept/riepr/operationeel-water/lozing-concentratie,2026-10-07T06:07:35.969Z,null,null,null,null,null,http://TODO,null,null,null,null,null,null,null,null,null,null,null,https://data.omgeving.vlaanderen.be/id/concept/riepr/operationeel-water/lozing,null,null,https://data.riepr.omgeving.vlaanderen.be/ns/riepr#Observatie,null,null,https://data.omgeving.vlaanderen.be/id/concept/riepr/operationeel-water/lozing-meetfrequentie,null,null,null,null,null
https://data.omgeving.vlaanderen.be/id/concept/riepr/operationeel-water/lozing-dagen,http://www.w3.org/2004/02/skos/core#Concept,https://data.omgeving.vlaanderen.be/id/conceptscheme/riepr/operationeel_water_lozing,null,Aantal dagen per jaar,null,null,http://www.w3.org/2001/XMLSchema#integer,https://data.omgeving.vlaanderen.be/id/concept/riepr/operationeel-water/lozing-dagen,2026-10-07T06:07:35.969Z,null,null,null,null,null,http://TODO,null,null,null,null,null,null,null,null,true,null,null,https://data.omgeving.vlaanderen.be/id/concept/riepr/operationeel-water/lozing,null,null,null,null,null,https://data.omgeving.vlaanderen.be/id/concept/riepr/operationeel-water/lozing-debiet,null,null,null,null,null
https://data.omgeving.vlaanderen.be/id/concept/riepr/operationeel-water/lozing-debiet,http://www.w3.org/2004/02/skos/core#Concept,https://data.omgeving.vlaanderen.be/id/conceptscheme/riepr/operationeel_water_lozing,null,Debiet per jaar,null,null,http://www.w3.org/2001/XMLSchema#decimal,https://data.omgeving.vlaanderen.be/id/concept/riepr/operationeel-water/lozing-debiet,2026-10-07T06:07:35.969Z,null,null,null,null,null,http://qudt.org/vocab/unit/M3-PER-YR,null,null,null,null,null,null,null,null,true,null,null,https://data.omgeving.vlaanderen.be/id/concept/riepr/operationeel-water/lozing,null,null,null,null,null,null,true,null,null,null,null
https://data.omgeving.vlaanderen.be/id/concept/riepr/operationeel-water/lozing-jaarvracht,http://www.w3.org/2004/02/skos/core#Concept,https://data.omgeving.vlaanderen.be/id/conceptscheme/riepr/operationeel_water_lozing,null,Totale jaarvracht,null,null,http://www.w3.org/2001/XMLSchema#decimal,https://data.omgeving.vlaanderen.be/id/concept/riepr/operationeel-water/lozing-jaarvracht,2026-10-07T06:07:35.969Z,null,null,null,null,null,http://TODO,null,null,null,null,null,null,null,null,null,null,null,https://data.omgeving.vlaanderen.be/id/concept/riepr/operationeel-water/lozing,null,null,https://data.riepr.omgeving.vlaanderen.be/ns/riepr#Observatie,null,null,https://data.omgeving.vlaanderen.be/id/concept/riepr/operationeel-water/lozing-concentratie,null,null,null,null,null
https://data.omgeving.vlaanderen.be/id/concept/riepr/operationeel-water/lozing-meetfrequentie,http://www.w3.org/2004/02/skos/core#Concept,https://data.omgeving.vlaanderen.be/id/conceptscheme/riepr/operationeel_water_lozing,null,Meetfrequentie,null,null,http://www.w3.org/2001/XMLSchema#decimal,https://data.omgeving.vlaanderen.be/id/concept/riepr/operationeel-water/lozing-meetfrequentie,2026-10-07T06:07:35.969Z,null,null,null,null,https://data.omgeving.vlaanderen.be/id/conceptscheme/riepr/operationeel_zelfcontrole_meetfrequentie,null,null,null,null,null,null,null,null,null,null,null,null,https://data.omgeving.vlaanderen.be/id/concept/riepr/operationeel-water/lozing,null,null,null,null,null,https://data.omgeving.vlaanderen.be/id/concept/riepr/operationeel-water/lozing-stof,null,null,null,null,null
https://data.omgeving.vlaanderen.be/id/concept/riepr/operationeel-water/lozing-stof,http://www.w3.org/2004/02/skos/core#Concept,https://data.omgeving.vlaanderen.be/id/conceptscheme/riepr/operationeel_water_lozing,null,Verontreinigende stof,null,null,null,https://data.omgeving.vlaanderen.be/id/concept/riepr/operationeel-water/lozing-stof,2026-10-07T06:07:35.969Z,null,null,null,https://data.omgeving.vlaanderen.be/id/conceptscheme/csor/variabele,null,null,null,null,null,null,null,null,null,null,true,null,null,https://data.omgeving.vlaanderen.be/id/concept/riepr/operationeel-water/lozing,null,null,null,null,null,https://data.omgeving.vlaanderen.be/id/concept/riepr/operationeel-water/lozing-dagen,null,null,null,null,null
https://data.omgeving.vlaanderen.be/id/concept/riepr/operationeel-zelfcontrole-lucht/datum,http://www.w3.org/2004/02/skos/core#Concept,https://data.omgeving.vlaanderen.be/id/conceptscheme/riepr/operationeel_zelfcontrole_lucht_meting,null,Datum van meting,null,null,http://www.w3.org/2001/XMLSchema#date,https://data.omgeving.vlaanderen.be/id/concept/riepr/operationeel-zelfcontrole-lucht/datum,2026-10-07T06:07:35.969Z,null,null,null,null,null,https://data.omgeving.vlaanderen.be/id/concept/rie-iepr/true,Datum van de meting of startdatum indien de meting over meerdere dagen heeft plaatsgevonden.,Datum van de meting of startdatum indien de meting over meerdere dagen heeft plaatsgevonden.,null,null,null,null,null,null,null,null,null,https://data.omgeving.vlaanderen.be/id/concept/riepr/operationeel-zelfcontrole-lucht/meting,null,null,null,null,null,null,true,null,null,null,null
https://data.omgeving.vlaanderen.be/id/concept/riepr/operationeel-zelfcontrole-lucht/feature,http://www.w3.org/2004/02/skos/core#Concept,https://data.omgeving.vlaanderen.be/id/conceptscheme/riepr/operationeel_zelfcontrole_lucht,null,Emissiepunt,https://data.omgeving.vlaanderen.be/id/conceptscheme/riepr/operationeel_zelfcontrole_lucht,https://data.omgeving.vlaanderen.be/id/conceptscheme/riepr/operationeel_zelfcontrole_lucht_meting,null,null,null,null,null,null,https://data.omgeving.vlaanderen.be/id/conceptscheme/riepr/emissiepunt_type,null,null,Het emissiepunt waarop gerapporteed moet worden.,Het emissiepunt waarop gerapporteed moet worden.,null,null,null,null,null,null,true,null,true,null,null,null,http://www.w3.org/ns/sosa/FeatureOfInterest,null,null,null,true,null,null,null,null
https://data.omgeving.vlaanderen.be/id/concept/riepr/operationeel-zelfcontrole-lucht/labo,http://www.w3.org/2004/02/skos/core#Concept,https://data.omgeving.vlaanderen.be/id/conceptscheme/riepr/operationeel_zelfcontrole_lucht_meting,null,Labo,null,null,null,https://data.omgeving.vlaanderen.be/id/concept/riepr/operationeel-zelfcontrole-lucht/labo,2026-10-07T06:07:35.969Z,null,null,null,null,null,null,null,null,null,null,null,null,null,null,null,https://data.omgeving.vlaanderen.be/id/concept/riepr/operationeel-zelfcontrole-lucht/labo-id|https://data.omgeving.vlaanderen.be/id/concept/riepr/operationeel-zelfcontrole-lucht/labo-naam,null,https://data.omgeving.vlaanderen.be/id/concept/riepr/operationeel-zelfcontrole-lucht/meting,null,null,http://www.w3.org/ns/prov#Agent,null,null,https://data.omgeving.vlaanderen.be/id/concept/riepr/operationeel-zelfcontrole-lucht/datum,null,null,null,null,null
https://data.omgeving.vlaanderen.be/id/concept/riepr/operationeel-zelfcontrole-lucht/labo-id,http://www.w3.org/2004/02/skos/core#Concept,https://data.omgeving.vlaanderen.be/id/conceptscheme/riepr/operationeel_zelfcontrole_lucht_meting,null,KBO nummer of BTW nummer,null,null,http://www.w3.org/2001/XMLSchema#string,https://data.omgeving.vlaanderen.be/id/concept/riepr/operationeel-zelfcontrole-lucht/labo-id,2026-10-07T06:07:35.969Z,null,null,null,null,null,null,null,null,null,null,null,null,null,null,null,null,null,https://data.omgeving.vlaanderen.be/id/concept/riepr/operationeel-zelfcontrole-lucht/labo,null,null,null,null,null,https://data.omgeving.vlaanderen.be/id/concept/riepr/operationeel-zelfcontrole-lucht/labo-naam,null,null,null,null,null
https://data.omgeving.vlaanderen.be/id/concept/riepr/operationeel-zelfcontrole-lucht/labo-naam,http://www.w3.org/2004/02/skos/core#Concept,https://data.omgeving.vlaanderen.be/id/conceptscheme/riepr/operationeel_zelfcontrole_lucht_meting,null,Naam,null,null,http://www.w3.org/2001/XMLSchema#string,https://data.omgeving.vlaanderen.be/id/concept/riepr/operationeel-zelfcontrole-lucht/labo-naam,2026-10-07T06:07:35.969Z,null,null,null,null,null,null,De naam van het labo.,De naam van het labo.,null,null,null,null,null,null,true,null,null,https://data.omgeving.vlaanderen.be/id/concept/riepr/operationeel-zelfcontrole-lucht/labo,null,null,null,null,null,null,true,null,null,null,null
https://data.omgeving.vlaanderen.be/id/concept/riepr/operationeel-zelfcontrole-lucht/meting,http://www.w3.org/2004/02/skos/core#Concept,https://data.omgeving.vlaanderen.be/id/conceptscheme/riepr/operationeel_zelfcontrole_lucht_meting,null,Meting,https://data.omgeving.vlaanderen.be/id/conceptscheme/riepr/operationeel_zelfcontrole_lucht_meting,null,null,https://data.omgeving.vlaanderen.be/id/concept/riepr/operationeel-zelfcontrole-lucht/meting,2026-10-07T06:07:35.969Z,null,null,null,null,null,null,null,null,null,null,null,null,null,null,null,https://data.omgeving.vlaanderen.be/id/concept/riepr/operationeel-zelfcontrole-lucht/datum|https://data.omgeving.vlaanderen.be/id/concept/riepr/operationeel-zelfcontrole-lucht/labo|https://data.omgeving.vlaanderen.be/id/concept/riepr/operationeel-zelfcontrole-lucht/parameter,true,null,null,null,https://data.riepr.omgeving.vlaanderen.be/ns/riepr#ObservatieVerzameling,null,null,null,true,null,https://data.riepr.omgeving.vlaanderen.be/ns/riepr#Emissie,null,null
https://data.omgeving.vlaanderen.be/id/concept/riepr/operationeel-zelfcontrole-lucht/parameter,http://www.w3.org/2004/02/skos/core#Concept,https://data.omgeving.vlaanderen.be/id/conceptscheme/riepr/operationeel_zelfcontrole_lucht_meting,null,Parameter,null,null,null,https://data.omgeving.vlaanderen.be/id/concept/riepr/operationeel-zelfcontrole-lucht/parameter,2026-10-07T06:07:35.969Z,null,null,null,null,null,null,null,null,null,null,null,null,null,null,null,https://data.omgeving.vlaanderen.be/id/concept/riepr/operationeel-zelfcontrole-lucht/parameter-concentratie|https://data.omgeving.vlaanderen.be/id/concept/riepr/operationeel-zelfcontrole-lucht/parameter-parameter|https://data.omgeving.vlaanderen.be/id/concept/riepr/operationeel-zelfcontrole-lucht/parameter-meetfrequentie|https://data.omgeving.vlaanderen.be/id/concept/riepr/operationeel-zelfcontrole-lucht/parameter-meetonzekerheid|https://data.omgeving.vlaanderen.be/id/concept/riepr/operationeel-zelfcontrole-lucht/parameter-soort,true,https://data.omgeving.vlaanderen.be/id/concept/riepr/operationeel-zelfcontrole-lucht/meting,null,null,https://data.riepr.omgeving.vlaanderen.be/ns/riepr#Observatie,null,null,https://data.omgeving.vlaanderen.be/id/concept/riepr/operationeel-zelfcontrole-lucht/labo,null,null,null,null,null
https://data.omgeving.vlaanderen.be/id/concept/riepr/operationeel-zelfcontrole-lucht/parameter-concentratie,http://www.w3.org/2004/02/skos/core#Concept,https://data.omgeving.vlaanderen.be/id/conceptscheme/riepr/operationeel_zelfcontrole_lucht_meting,null,Concentratie,null,null,http://www.w3.org/2001/XMLSchema#decimal,https://data.omgeving.vlaanderen.be/id/concept/riepr/operationeel-zelfcontrole-lucht/parameter-concentratie,2026-10-07T06:07:35.969Z,null,null,null,null,null,null,null,null,null,null,null,null,null,null,null,null,null,https://data.omgeving.vlaanderen.be/id/concept/riepr/operationeel-zelfcontrole-lucht/parameter,null,null,https://data.riepr.omgeving.vlaanderen.be/ns/riepr#Resultaat,null,null,https://data.omgeving.vlaanderen.be/id/concept/riepr/operationeel-zelfcontrole-lucht/parameter-parameter,null,null,null,null,null
https://data.omgeving.vlaanderen.be/id/concept/riepr/operationeel-zelfcontrole-lucht/parameter-meetfrequentie,http://www.w3.org/2004/02/skos/core#Concept,https://data.omgeving.vlaanderen.be/id/conceptscheme/riepr/operationeel_zelfcontrole_lucht_meting,null,Meetfrequentie,null,null,null,https://data.omgeving.vlaanderen.be/id/concept/riepr/operationeel-zelfcontrole-lucht/parameter-meetfrequentie,2026-10-07T06:07:35.969Z,null,null,null,null,https://data.omgeving.vlaanderen.be/id/conceptscheme/riepr/operationeel_zelfcontrole_meetfrequentie,null,null,null,null,null,null,null,null,null,null,null,null,https://data.omgeving.vlaanderen.be/id/concept/riepr/operationeel-zelfcontrole-lucht/parameter,null,null,null,null,null,https://data.omgeving.vlaanderen.be/id/concept/riepr/operationeel-zelfcontrole-lucht/parameter-meetonzekerheid,null,null,null,null,null
https://data.omgeving.vlaanderen.be/id/concept/riepr/operationeel-zelfcontrole-lucht/parameter-meetonzekerheid,http://www.w3.org/2004/02/skos/core#Concept,https://data.omgeving.vlaanderen.be/id/conceptscheme/riepr/operationeel_zelfcontrole_lucht_meting,null,Meetonzekerheid,null,null,http://www.w3.org/2001/XMLSchema#decimal,https://data.omgeving.vlaanderen.be/id/concept/riepr/operationeel-zelfcontrole-lucht/parameter-meetonzekerheid,2026-10-07T06:07:35.969Z,null,null,null,null,null,http://qudt.org/vocab/unit/PERCENT,null,null,null,null,null,null,null,null,null,null,null,https://data.omgeving.vlaanderen.be/id/concept/riepr/operationeel-zelfcontrole-lucht/parameter,null,null,https://data.riepr.omgeving.vlaanderen.be/ns/riepr#Resultaat,null,null,https://data.omgeving.vlaanderen.be/id/concept/riepr/operationeel-zelfcontrole-lucht/parameter-concentratie,null,null,null,null,null
https://data.omgeving.vlaanderen.be/id/concept/riepr/operationeel-zelfcontrole-lucht/parameter-parameter,http://www.w3.org/2004/02/skos/core#Concept,https://data.omgeving.vlaanderen.be/id/conceptscheme/riepr/operationeel_zelfcontrole_lucht_meting,null,Parameter,null,null,null,https://data.omgeving.vlaanderen.be/id/concept/riepr/operationeel-zelfcontrole-lucht/parameter-parameter,2026-10-07T06:07:35.969Z,null,null,null,null,https://data.omgeving.vlaanderen.be/id/concept/rie-iepr/true,null,null,null,null,null,null,null,null,null,null,null,null,https://data.omgeving.vlaanderen.be/id/concept/riepr/operationeel-zelfcontrole-lucht/parameter,null,null,https://data.riepr.omgeving.vlaanderen.be/ns/riepr#Resultaat,null,http://TODO,https://data.omgeving.vlaanderen.be/id/concept/riepr/operationeel-zelfcontrole-lucht/parameter-soort,null,null,null,null,null
https://data.omgeving.vlaanderen.be/id/concept/riepr/operationeel-zelfcontrole-lucht/parameter-soort,http://www.w3.org/2004/02/skos/core#Concept,https://data.omgeving.vlaanderen.be/id/conceptscheme/riepr/operationeel_zelfcontrole_lucht_meting,null,Soort monster,null,null,http://www.w3.org/2001/XMLSchema#string,https://data.omgeving.vlaanderen.be/id/concept/riepr/operationeel-zelfcontrole-lucht/parameter-soort,2026-10-07T06:07:35.969Z,null,null,null,null,null,null,null,null,null,null,null,null,null,null,null,null,null,https://data.omgeving.vlaanderen.be/id/concept/riepr/operationeel-zelfcontrole-lucht/parameter,null,null,https://data.riepr.omgeving.vlaanderen.be/ns/riepr#Resultaat,null,null,null,true,null,null,null,null
https://data.omgeving.vlaanderen.be/id/concept/riepr/operationeel-zelfcontrole-water/datum,http://www.w3.org/2004/02/skos/core#Concept,https://data.omgeving.vlaanderen.be/id/conceptscheme/riepr/operationeel_zelfcontrole_water_meting,null,Datum van meting,null,null,http://www.w3.org/2001/XMLSchema#date,https://data.omgeving.vlaanderen.be/id/concept/riepr/operationeel-zelfcontrole-water/datum,2026-10-07T06:07:35.969Z,null,null,null,null,null,https://data.omgeving.vlaanderen.be/id/concept/rie-iepr/true,Datum van de meting of startdatum indien de meting over meerdere dagen heeft plaatsgevonden.,Datum van de meting of startdatum indien de meting over meerdere dagen heeft plaatsgevonden.,null,null,null,null,null,null,null,null,null,https://data.omgeving.vlaanderen.be/id/concept/riepr/operationeel-zelfcontrole-water/meting,null,null,null,null,null,null,true,null,null,null,null
https://data.omgeving.vlaanderen.be/id/concept/riepr/operationeel-zelfcontrole-water/feature,http://www.w3.org/2004/02/skos/core#Concept,https://data.omgeving.vlaanderen.be/id/conceptscheme/riepr/operationeel_zelfcontrole_water,null,Controleinrichting,https://data.omgeving.vlaanderen.be/id/conceptscheme/riepr/operationeel_zelfcontrole_water,https://data.omgeving.vlaanderen.be/id/conceptscheme/riepr/operationeel_zelfcontrole_water_meting,null,null,null,null,null,null,https://data.omgeving.vlaanderen.be/id/concept/riepr/meetpunt-type/controleinrichting,null,null,De controleinrichting waarop gerapporteed moet worden.,De controleinrichting waarop gerapporteed moet worden.,null,null,null,null,null,null,true,null,true,null,null,null,http://www.w3.org/ns/sosa/FeatureOfInterest,null,null,null,true,null,null,null,null
https://data.omgeving.vlaanderen.be/id/concept/riepr/operationeel-zelfcontrole-water/labo,http://www.w3.org/2004/02/skos/core#Concept,https://data.omgeving.vlaanderen.be/id/conceptscheme/riepr/operationeel_zelfcontrole_water_meting,null,Labo,https://data.omgeving.vlaanderen.be/id/conceptscheme/riepr/operationeel_zelfcontrole_water_meting,null,null,https://data.omgeving.vlaanderen.be/id/concept/riepr/operationeel-zelfcontrole-water/labo,2026-10-07T06:07:35.969Z,null,null,null,null,null,null,null,null,null,null,null,null,null,null,null,https://data.omgeving.vlaanderen.be/id/concept/riepr/operationeel-zelfcontrole-water/labo-id|https://data.omgeving.vlaanderen.be/id/concept/riepr/operationeel-zelfcontrole-water/labo-naam,null,null,null,null,http://www.w3.org/ns/prov#Agent,null,null,https://data.omgeving.vlaanderen.be/id/concept/riepr/operationeel-zelfcontrole-water/meting,null,null,null,null,null
https://data.omgeving.vlaanderen.be/id/concept/riepr/operationeel-zelfcontrole-water/labo-id,http://www.w3.org/2004/02/skos/core#Concept,https://data.omgeving.vlaanderen.be/id/conceptscheme/riepr/operationeel_zelfcontrole_water_meting,null,KBO nummer of BTW nummer,null,null,http://www.w3.org/2001/XMLSchema#string,https://data.omgeving.vlaanderen.be/id/concept/riepr/operationeel-zelfcontrole-water/labo-id,2026-10-07T06:07:35.969Z,null,null,null,null,null,null,null,null,null,null,null,null,null,null,null,null,null,https://data.omgeving.vlaanderen.be/id/concept/riepr/operationeel-zelfcontrole-water/labo,null,null,null,null,null,https://data.omgeving.vlaanderen.be/id/concept/riepr/operationeel-zelfcontrole-water/labo-naam,null,null,null,null,null
https://data.omgeving.vlaanderen.be/id/concept/riepr/operationeel-zelfcontrole-water/labo-naam,http://www.w3.org/2004/02/skos/core#Concept,https://data.omgeving.vlaanderen.be/id/conceptscheme/riepr/operationeel_zelfcontrole_water_meting,null,Naam,null,null,http://www.w3.org/2001/XMLSchema#string,https://data.omgeving.vlaanderen.be/id/concept/riepr/operationeel-zelfcontrole-water/labo-naam,2026-10-07T06:07:35.969Z,null,null,null,null,null,null,De naam van het labo.,De naam van het labo.,null,null,null,null,null,null,true,null,null,https://data.omgeving.vlaanderen.be/id/concept/riepr/operationeel-zelfcontrole-water/labo,null,null,null,null,null,null,true,null,null,null,null
https://data.omgeving.vlaanderen.be/id/concept/riepr/operationeel-zelfcontrole-water/meting,http://www.w3.org/2004/02/skos/core#Concept,https://data.omgeving.vlaanderen.be/id/conceptscheme/riepr/operationeel_zelfcontrole_water_meting,null,Meting,https://data.omgeving.vlaanderen.be/id/conceptscheme/riepr/operationeel_zelfcontrole_water_meting,null,null,https://data.omgeving.vlaanderen.be/id/concept/riepr/operationeel-zelfcontrole-water/meting,2026-10-07T06:07:35.969Z,null,null,null,null,null,null,null,null,null,null,null,null,null,null,null,https://data.omgeving.vlaanderen.be/id/concept/riepr/operationeel-zelfcontrole-water/datum,true,null,null,null,https://data.riepr.omgeving.vlaanderen.be/ns/riepr#ObservatieVerzameling,null,null,null,true,null,null,null,null
https://data.omgeving.vlaanderen.be/id/concept/riepr/operationeel-zelfcontrole-water/parameter,http://www.w3.org/2004/02/skos/core#Concept,https://data.omgeving.vlaanderen.be/id/conceptscheme/riepr/operationeel_zelfcontrole_water_meting,null,Parameter,https://data.omgeving.vlaanderen.be/id/conceptscheme/riepr/operationeel_zelfcontrole_water_meting,null,null,https://data.omgeving.vlaanderen.be/id/concept/riepr/operationeel-zelfcontrole-water/parameter,2026-10-07T06:07:35.969Z,null,null,null,null,null,null,null,null,null,null,null,null,null,null,null,https://data.omgeving.vlaanderen.be/id/concept/riepr/operationeel-zelfcontrole-water/parameter-concentratie|https://data.omgeving.vlaanderen.be/id/concept/riepr/operationeel-zelfcontrole-water/parameter-parameter|https://data.omgeving.vlaanderen.be/id/concept/riepr/operationeel-zelfcontrole-water/parameter-meetfrequentie|https://data.omgeving.vlaanderen.be/id/concept/riepr/operationeel-zelfcontrole-water/parameter-meetonzekerheid|https://data.omgeving.vlaanderen.be/id/concept/riepr/operationeel-zelfcontrole-water/parameter-soort,true,null,null,null,https://data.riepr.omgeving.vlaanderen.be/ns/riepr#Observatie,null,null,https://data.omgeving.vlaanderen.be/id/concept/riepr/operationeel-zelfcontrole-water/labo,null,null,null,null,null
https://data.omgeving.vlaanderen.be/id/concept/riepr/operationeel-zelfcontrole-water/parameter-concentratie,http://www.w3.org/2004/02/skos/core#Concept,https://data.omgeving.vlaanderen.be/id/conceptscheme/riepr/operationeel_zelfcontrole_water_meting,null,Concentratie,null,null,http://www.w3.org/2001/XMLSchema#decimal,https://data.omgeving.vlaanderen.be/id/concept/riepr/operationeel-zelfcontrole-water/parameter-concentratie,2026-10-07T06:07:35.969Z,null,null,null,null,null,null,null,null,null,null,null,null,null,null,null,null,null,https://data.omgeving.vlaanderen.be/id/concept/riepr/operationeel-zelfcontrole-water/parameter,null,null,https://data.riepr.omgeving.vlaanderen.be/ns/riepr#Resultaat,null,null,https://data.omgeving.vlaanderen.be/id/concept/riepr/operationeel-zelfcontrole-water/parameter-parameter,null,null,null,null,null
https://data.omgeving.vlaanderen.be/id/concept/riepr/operationeel-zelfcontrole-water/parameter-meetfrequentie,http://www.w3.org/2004/02/skos/core#Concept,https://data.omgeving.vlaanderen.be/id/conceptscheme/riepr/operationeel_zelfcontrole_water_meting,null,Meetfrequentie,null,null,null,https://data.omgeving.vlaanderen.be/id/concept/riepr/operationeel-zelfcontrole-water/parameter-meetfrequentie,2026-10-07T06:07:35.969Z,null,null,null,null,https://data.omgeving.vlaanderen.be/id/conceptscheme/riepr/operationeel_zelfcontrole_meetfrequentie,null,null,null,null,null,null,null,null,null,null,null,null,https://data.omgeving.vlaanderen.be/id/concept/riepr/operationeel-zelfcontrole-water/parameter,null,null,null,null,null,https://data.omgeving.vlaanderen.be/id/concept/riepr/operationeel-zelfcontrole-water/parameter-meetonzekerheid,null,null,null,null,null
https://data.omgeving.vlaanderen.be/id/concept/riepr/operationeel-zelfcontrole-water/parameter-meetonzekerheid,http://www.w3.org/2004/02/skos/core#Concept,https://data.omgeving.vlaanderen.be/id/conceptscheme/riepr/operationeel_zelfcontrole_water_meting,null,Meetonzekerheid,null,null,http://www.w3.org/2001/XMLSchema#decimal,https://data.omgeving.vlaanderen.be/id/concept/riepr/operationeel-zelfcontrole-water/parameter-meetonzekerheid,2026-10-07T06:07:35.969Z,null,null,null,null,null,http://qudt.org/vocab/unit/PERCENT,null,null,null,null,null,null,null,null,null,null,null,https://data.omgeving.vlaanderen.be/id/concept/riepr/operationeel-zelfcontrole-water/parameter,null,null,https://data.riepr.omgeving.vlaanderen.be/ns/riepr#Resultaat,null,null,https://data.omgeving.vlaanderen.be/id/concept/riepr/operationeel-zelfcontrole-water/parameter-concentratie,null,null,null,null,null
https://data.omgeving.vlaanderen.be/id/concept/riepr/operationeel-zelfcontrole-water/parameter-parameter,http://www.w3.org/2004/02/skos/core#Concept,https://data.omgeving.vlaanderen.be/id/conceptscheme/riepr/operationeel_zelfcontrole_water_meting,null,Parameter,null,null,null,https://data.omgeving.vlaanderen.be/id/concept/riepr/operationeel-zelfcontrole-water/parameter-parameter,2026-10-07T06:07:35.969Z,null,null,null,null,https://data.omgeving.vlaanderen.be/id/concept/rie-iepr/true,null,null,null,null,null,null,null,null,null,null,null,null,https://data.omgeving.vlaanderen.be/id/concept/riepr/operationeel-zelfcontrole-water/parameter,null,null,https://data.riepr.omgeving.vlaanderen.be/ns/riepr#Resultaat,null,http://TODO,https://data.omgeving.vlaanderen.be/id/concept/riepr/operationeel-zelfcontrole-water/parameter-soort,null,null,null,null,null
https://data.omgeving.vlaanderen.be/id/concept/riepr/operationeel-zelfcontrole-water/parameter-soort,http://www.w3.org/2004/02/skos/core#Concept,https://data.omgeving.vlaanderen.be/id/conceptscheme/riepr/operationeel_zelfcontrole_water_meting,null,Soort monster,null,null,null,https://data.omgeving.vlaanderen.be/id/concept/riepr/operationeel-zelfcontrole-water/parameter-soort,2026-10-07T06:07:35.969Z,null,null,null,null,null,null,null,null,null,null,null,null,null,null,null,null,null,https://data.omgeving.vlaanderen.be/id/concept/riepr/operationeel-zelfcontrole-water/parameter,null,null,https://data.riepr.omgeving.vlaanderen.be/ns/riepr#Resultaat,null,null,null,true,null,null,null,null
https://data.omgeving.vlaanderen.be/id/concept/riepr/procedure-type/emissie,http://www.w3.org/2004/02/skos/core#Concept,https://data.omgeving.vlaanderen.be/id/conceptscheme/riepr/procedure_type,EMISSIE,Emissie,https://data.omgeving.vlaanderen.be/id/conceptscheme/riepr/procedure_type,null,http://www.w3.org/ns/sosa/Procedure,null,null,null,null,null,null,null,null,De procedure emissie via een emissiepunt.,De procedure emissie via een emissiepunt.,null,null,null,null,null,null,null,null,null,null,null,null,null,null,null,null,null,null,null,null,null
https://data.omgeving.vlaanderen.be/id/concept/riepr/procedure-type/hoofdactiviteit,http://www.w3.org/2004/02/skos/core#Concept,https://data.omgeving.vlaanderen.be/id/conceptscheme/riepr/procedure_type,HOOFDACTIVITEIT,Hoofdactiviteit,https://data.omgeving.vlaanderen.be/id/conceptscheme/riepr/procedure_type,null,http://www.w3.org/ns/sosa/Procedure,null,null,null,null,null,null,null,null,De procedure die de hoofdactiviteit aangeeft.,De procedure die de hoofdactiviteit aangeeft.,null,null,null,null,null,null,null,null,null,null,null,null,null,null,null,null,null,null,null,null,null
https://data.omgeving.vlaanderen.be/id/concept/riepr/procedure-type/meting,http://www.w3.org/2004/02/skos/core#Concept,https://data.omgeving.vlaanderen.be/id/conceptscheme/riepr/procedure_type,METING,Meting,https://data.omgeving.vlaanderen.be/id/conceptscheme/riepr/procedure_type,null,http://www.w3.org/ns/sosa/Procedure,null,null,null,null,null,null,null,null,De procedure meting via een meetpunt.,De procedure meting via een meetpunt.,null,null,null,null,null,null,null,null,null,null,null,null,null,null,null,null,null,null,null,null,null
https://data.omgeving.vlaanderen.be/id/concept/riepr/procedure-type/onttrekking,http://www.w3.org/2004/02/skos/core#Concept,https://data.omgeving.vlaanderen.be/id/conceptscheme/riepr/procedure_type,ONTTREKKING,Onttrekking,https://data.omgeving.vlaanderen.be/id/conceptscheme/riepr/procedure_type,null,http://www.w3.org/ns/sosa/Procedure,null,null,null,null,null,null,null,null,De procedure onttrekking via een onttrekingspunt.,De procedure onttrekking via een onttrekingspunt.,null,null,null,null,null,null,null,null,null,null,null,null,null,null,null,null,null,null,null,null,null
https://data.omgeving.vlaanderen.be/id/concept/riepr/procedure-type/transport,http://www.w3.org/2004/02/skos/core#Concept,https://data.omgeving.vlaanderen.be/id/conceptscheme/riepr/procedure_type,TRANSPORT,Transport,https://data.omgeving.vlaanderen.be/id/conceptscheme/riepr/procedure_type,null,http://www.w3.org/ns/sosa/Procedure,null,null,null,null,null,null,null,null,De procedure transport tussen twee processen.,De procedure transport tussen twee processen.,null,null,null,null,null,null,null,null,null,null,null,null,null,null,null,null,null,null,null,null,null
https://data.omgeving.vlaanderen.be/id/concept/riepr/procedure-type/uitwissel,http://www.w3.org/2004/02/skos/core#Concept,https://data.omgeving.vlaanderen.be/id/conceptscheme/riepr/procedure_type,UITWISSEL,Uitwissel,https://data.omgeving.vlaanderen.be/id/conceptscheme/riepr/procedure_type,null,http://www.w3.org/ns/sosa/Procedure,null,null,null,null,null,null,null,null,De procedure uitwissel via een uitwisselpunt.,De procedure uitwissel via een uitwisselpunt.,null,null,null,null,null,null,null,null,null,null,null,null,null,null,null,null,null,null,null,null,null
https://data.omgeving.vlaanderen.be/id/concept/riepr/procedure-type/verwerking,http://www.w3.org/2004/02/skos/core#Concept,https://data.omgeving.vlaanderen.be/id/conceptscheme/riepr/procedure_type,VERWERKING,Verwerking,https://data.omgeving.vlaanderen.be/id/conceptscheme/riepr/procedure_type,null,http://www.w3.org/ns/sosa/Procedure,null,null,null,null,null,null,null,null,De procedure verwerking door een installatie.,De procedure verwerking door een installatie.,null,null,null,null,null,null,null,null,null,null,null,null,null,null,null,null,null,null,null,null,null
https://data.omgeving.vlaanderen.be/id/concept/riepr/rubriek-type/vlarem,http://www.w3.org/2004/02/skos/core#Concept,https://data.omgeving.vlaanderen.be/id/conceptscheme/riepr/rubriek_type,vlarem,VLAREM,https://data.omgeving.vlaanderen.be/id/conceptscheme/riepr/rubriek_type,null,null,null,null,null,null,null,null,null,null,null,null,true,null,null,null,null,null,null,null,null,null,null,null,null,null,null,null,null,null,null,null,null
https://data.omgeving.vlaanderen.be/id/concept/riepr/status-type/definitief_uit_dienst,http://www.w3.org/2004/02/skos/core#Concept,https://data.omgeving.vlaanderen.be/id/conceptscheme/riepr/status_type,DEFINITIEF_UIT_DIENST,Definitief uit dienst,https://data.omgeving.vlaanderen.be/id/conceptscheme/riepr/status_type,http://purl.org/adms/status/Withdrawn,http://www.w3.org/ns/adms#,https://data.omgeving.vlaanderen.be/id/concept/riepr/status-type/definitief_uit_dienst,2026-10-07T06:07:35.969Z,null,null,null,null,null,null,De status definitief uit dienst geeft aan dat een entiteit definitief buiten gebruik is.,De status definitief uit dienst geeft aan dat een entiteit definitief buiten gebruik is.,null,null,null,null,null,null,null,null,null,null,null,null,null,null,null,null,null,null,null,null,null
https://data.omgeving.vlaanderen.be/id/concept/riepr/status-type/in_dienst,http://www.w3.org/2004/02/skos/core#Concept,https://data.omgeving.vlaanderen.be/id/conceptscheme/riepr/status_type,IN_DIENST,In dienst,https://data.omgeving.vlaanderen.be/id/conceptscheme/riepr/status_type,http://purl.org/adms/status/Completed,http://www.w3.org/ns/adms#,https://data.omgeving.vlaanderen.be/id/concept/riepr/status-type/in_dienst,2026-10-07T06:07:35.969Z,null,null,null,null,null,null,De status in dienst geeft aan dat een entiteit momenteel in gebruik is.,De status in dienst geeft aan dat een entiteit momenteel in gebruik is.,null,null,null,null,null,null,null,null,null,null,null,null,null,null,null,null,null,null,null,null,null
https://data.omgeving.vlaanderen.be/id/concept/riepr/status-type/ontmanteld,http://www.w3.org/2004/02/skos/core#Concept,https://data.omgeving.vlaanderen.be/id/conceptscheme/riepr/status_type,ONTMANTELD,Ontmanteld,https://data.omgeving.vlaanderen.be/id/conceptscheme/riepr/status_type,http://purl.org/adms/status/Withdrawn,http://www.w3.org/ns/adms#,https://data.omgeving.vlaanderen.be/id/concept/riepr/status-type/ontmanteld,2026-10-07T06:07:35.969Z,null,null,null,null,null,null,De status ontmanteld geeft aan dat een entiteit niet meer bestaat.,De status ontmanteld geeft aan dat een entiteit niet meer bestaat.,null,null,null,null,null,null,null,null,null,null,null,null,null,null,null,null,null,null,null,null,null
https://data.omgeving.vlaanderen.be/id/concept/riepr/status-type/tijdelijk_uit_dienst,http://www.w3.org/2004/02/skos/core#Concept,https://data.omgeving.vlaanderen.be/id/conceptscheme/riepr/status_type,TIJDELIJK_UIT_DIENST,Tijdelijk uit dienst,https://data.omgeving.vlaanderen.be/id/conceptscheme/riepr/status_type,http://purl.org/adms/status/Deprecated,http://www.w3.org/ns/adms#,https://data.omgeving.vlaanderen.be/id/concept/riepr/status-type/tijdelijk_uit_dienst,2026-10-07T06:07:35.969Z,null,null,null,null,null,null,De status tijdelijk uit dienst geeft aan dat een entiteit tijden buiten gebruik is.,De status tijdelijk uit dienst geeft aan dat een entiteit tijden buiten gebruik is.,null,null,null,null,null,null,null,null,null,null,null,null,null,null,null,null,null,null,null,null,null
https://data.omgeving.vlaanderen.be/id/concept/riepr/status-type/verkeerde_registratie,http://www.w3.org/2004/02/skos/core#Concept,https://data.omgeving.vlaanderen.be/id/conceptscheme/riepr/status_type,VERKEERDE_REGISTRATIE,Verkeerde Registratie,https://data.omgeving.vlaanderen.be/id/conceptscheme/riepr/status_type,http://purl.org/adms/status/Withdrawn,http://www.w3.org/ns/adms#,https://data.omgeving.vlaanderen.be/id/concept/riepr/status-type/verkeerde_registratie,2026-10-07T06:07:35.969Z,null,null,null,null,null,null,De status verkeerde registratie  geeft aan deze entiteit verkeerd werd geregistreerd en dus niet van toepassing is,De status verkeerde registratie  geeft aan deze entiteit verkeerd werd geregistreerd en dus niet van toepassing is,null,null,null,null,null,null,null,null,null,null,null,null,null,null,null,null,null,null,null,null,null
https://data.omgeving.vlaanderen.be/id/concept/riepr/status-type/voorgesteld,http://www.w3.org/2004/02/skos/core#Concept,https://data.omgeving.vlaanderen.be/id/conceptscheme/riepr/status_type,VOORGESTELD,Voorgesteld Ontwerp,https://data.omgeving.vlaanderen.be/id/conceptscheme/riepr/status_type,http://purl.org/adms/status/UnderDevelopment,http://www.w3.org/ns/adms#,https://data.omgeving.vlaanderen.be/id/concept/riepr/status-type/voorgesteld,2026-10-07T06:07:35.969Z,null,null,null,null,null,null,De status voorgesteld geeft aan dat een entiteit voorsgesteld is door de Vlaamse Overheid.,De status voorgesteld geeft aan dat een entiteit voorsgesteld is door de Vlaamse Overheid.,null,null,null,null,null,null,null,null,null,null,null,null,null,null,null,null,null,null,null,null,null
https://data.omgeving.vlaanderen.be/id/concept/riepr/thema-type/grondstoffen,http://www.w3.org/2004/02/skos/core#Concept,https://data.omgeving.vlaanderen.be/id/conceptscheme/riepr/thema_type,THEMA_GRONDSTOFFEN,Grondstoffen,https://data.omgeving.vlaanderen.be/id/conceptscheme/riepr/thema_type,https://data.omgeving.vlaanderen.be/id/conceptscheme/riepr/operationeel_grondstoffen,null,null,null,null,null,null,null,null,null,null,null,null,null,null,null,null,null,null,null,null,null,null,null,null,null,null,null,null,null,null,null,null
https://data.omgeving.vlaanderen.be/id/concept/riepr/thema-type/grondwater,http://www.w3.org/2004/02/skos/core#Concept,https://data.omgeving.vlaanderen.be/id/conceptscheme/riepr/thema_type,THEMA_GRONDWATER,Grondwater,https://data.omgeving.vlaanderen.be/id/conceptscheme/riepr/thema_type,https://data.omgeving.vlaanderen.be/id/conceptscheme/riepr/operationeel_grondwater,null,null,null,null,null,null,null,null,null,null,null,null,null,null,null,null,null,null,null,null,null,null,null,null,null,null,null,null,null,null,null,null
https://data.omgeving.vlaanderen.be/id/concept/riepr/thema-type/lucht,http://www.w3.org/2004/02/skos/core#Concept,https://data.omgeving.vlaanderen.be/id/conceptscheme/riepr/thema_type,THEMA_LUCHT,Lucht,https://data.omgeving.vlaanderen.be/id/conceptscheme/riepr/thema_type,https://data.omgeving.vlaanderen.be/id/conceptscheme/riepr/operationeel_lucht,null,null,null,null,null,null,null,null,null,null,null,null,null,null,null,null,null,null,null,null,null,null,null,null,null,null,null,null,null,null,null,null
https://data.omgeving.vlaanderen.be/id/concept/riepr/thema-type/water,http://www.w3.org/2004/02/skos/core#Concept,https://data.omgeving.vlaanderen.be/id/conceptscheme/riepr/thema_type,THEMA_WATER,Water,https://data.omgeving.vlaanderen.be/id/conceptscheme/riepr/thema_type,https://data.omgeving.vlaanderen.be/id/conceptscheme/riepr/operationeel_water,null,null,null,null,null,null,null,null,null,null,null,null,null,null,null,null,null,null,null,null,null,null,null,null,null,null,null,null,null,null,null,null
https://data.omgeving.vlaanderen.be/id/concept/riepr/thema-type/zelfcontrole-lucht,http://www.w3.org/2004/02/skos/core#Concept,https://data.omgeving.vlaanderen.be/id/conceptscheme/riepr/thema_type,THEMA_ZELFCONTROLE_LUCHT,Zelfcontrole lucht,https://data.omgeving.vlaanderen.be/id/conceptscheme/riepr/thema_type,https://data.omgeving.vlaanderen.be/id/conceptscheme/riepr/operationeel_zelfcontrole_lucht,null,null,null,null,null,null,null,null,null,null,null,null,null,null,null,null,null,null,null,null,null,null,null,null,null,null,null,null,null,null,null,null
https://data.omgeving.vlaanderen.be/id/concept/riepr/thema-type/zelfcontrole-water,http://www.w3.org/2004/02/skos/core#Concept,https://data.omgeving.vlaanderen.be/id/conceptscheme/riepr/thema_type,THEMA_ZELFCONTROLE_WATER,Zelfcontrole water,https://data.omgeving.vlaanderen.be/id/conceptscheme/riepr/thema_type,https://data.omgeving.vlaanderen.be/id/conceptscheme/riepr/operationeel_zelfcontrole_water,null,null,null,null,null,null,null,null,null,null,null,null,null,null,null,null,null,null,null,null,null,null,null,null,null,null,null,null,null,null,null,null
https://data.omgeving.vlaanderen.be/id/concept/riepr/uitwisselpunt-type/uitwisselpunt,http://www.w3.org/2004/02/skos/core#Concept,https://data.omgeving.vlaanderen.be/id/conceptscheme/riepr/uitwisselpunt_type,null,Uitwisselingspunt,https://data.omgeving.vlaanderen.be/id/conceptscheme/riepr/uitwisselpunt_type,null,null,https://data.omgeving.vlaanderen.be/id/concept/riepr/uitwisselpunt-type/uitwisselpunt,2026-10-07T06:07:35.969Z,null,https://data.omgeving.vlaanderen.be/id/conceptscheme/riepr/systeem_type,null,null,null,null,null,null,true,null,null,null,null,null,null,null,null,null,null,null,null,null,null,null,null,null,null,null,null
https://data.omgeving.vlaanderen.be/id/conceptscheme/riepr/aangifte_status,http://www.w3.org/2004/02/skos/core#ConceptScheme,null,null,Aangifte status,null,null,null,null,null,null,null,null,null,null,null,null,null,null,null,null,null,null,null,null,null,null,null,null,null,null,null,null,null,null,null,null,https://data.omgeving.vlaanderen.be/id/concept/riepr/aangifte-status/concept|https://data.omgeving.vlaanderen.be/id/concept/riepr/aangifte-status/gefaald|https://data.omgeving.vlaanderen.be/id/concept/riepr/aangifte-status/ingediend|https://data.omgeving.vlaanderen.be/id/concept/riepr/aangifte-status/ingetrokken,null
https://data.omgeving.vlaanderen.be/id/conceptscheme/riepr/aangifte_type,http://www.w3.org/2004/02/skos/core#ConceptScheme,null,null,Aangifte types,null,null,null,null,null,null,null,null,null,null,null,Een typering van verschillende aangiftes,Een typering van verschillende aangiftes,null,null,null,null,null,null,null,null,null,null,null,null,null,null,null,null,null,null,null,https://data.omgeving.vlaanderen.be/id/concept/riepr/aangifte-type/operationeel|https://data.omgeving.vlaanderen.be/id/concept/riepr/aangifte-type/structuur,null
https://data.omgeving.vlaanderen.be/id/conceptscheme/riepr/eenheden,http://www.w3.org/2004/02/skos/core#ConceptScheme,null,null,null,null,null,null,null,null,null,null,null,null,null,null,null,null,null,null,null,null,null,null,null,null,null,null,null,null,null,null,null,null,null,null,null,http://qudt.org/vocab/unit/DEG_C|http://qudt.org/vocab/unit/K|http://qudt.org/vocab/unit/M3|http://qudt.org/vocab/unit/M|http://qudt.org/vocab/unit/MegaW|http://qudt.org/vocab/unit/MicroGM-PER-L|http://qudt.org/vocab/unit/MilliGM-PER-L|http://qudt.org/vocab/unit/NanoGM-PER-L|http://qudt.org/vocab/unit/PERCENT|http://qudt.org/vocab/unit/PPB|http://qudt.org/vocab/unit/PPM,null
https://data.omgeving.vlaanderen.be/id/conceptscheme/riepr/emissiepunt_eigenschappen,http://www.w3.org/2004/02/skos/core#ConceptScheme,null,null,Emissiepunt eigenschappen,null,null,null,https://data.omgeving.vlaanderen.be/id/conceptscheme/riepr/emissiepunt_eigenschappen,2026-10-07T06:07:35.969Z,null,https://data.omgeving.vlaanderen.be/id/conceptscheme/riepr/systeem_eigenschappen,null,null,null,null,Een typering van verschillende eigenschappen voor emissiepunten.,Een typering van verschillende eigenschappen voor emissiepunten.,null,null,null,null,null,null,null,null,null,null,null,null,null,null,null,null,null,null,null,https://data.omgeving.vlaanderen.be/id/concept/riepr/emissiepunt-eigenschappen/aantalpunten|https://data.omgeving.vlaanderen.be/id/concept/riepr/emissiepunt-eigenschappen/lozingspunt-lozingsplaats|https://data.omgeving.vlaanderen.be/id/concept/riepr/emissiepunt-eigenschappen/schouw-diameter|https://data.omgeving.vlaanderen.be/id/concept/riepr/emissiepunt-eigenschappen/schouw-hoogte,null
https://data.omgeving.vlaanderen.be/id/conceptscheme/riepr/emissiepunt_type,http://www.w3.org/2004/02/skos/core#ConceptScheme,null,null,Emissiepunt types,null,null,null,null,null,null,https://data.omgeving.vlaanderen.be/id/conceptscheme/riepr/systeem_type,null,null,null,null,Een typering van verschillende soorten emissiepunten.,Een typering van verschillende soorten emissiepunten.,null,null,null,null,null,null,null,null,null,null,null,null,null,null,null,null,null,null,null,https://data.omgeving.vlaanderen.be/id/concept/riepr/emissiepunt-type/schoorsteen|https://data.omgeving.vlaanderen.be/id/concept/riepr/emissiepunt-type/lozingspunt|https://data.omgeving.vlaanderen.be/id/concept/riepr/emissiepunt-type/emissiepunt|https://data.omgeving.vlaanderen.be/id/concept/riepr/emissiepunt-type/fakkel|https://data.omgeving.vlaanderen.be/id/concept/riepr/emissiepunt-type/gebouw,null
https://data.omgeving.vlaanderen.be/id/conceptscheme/riepr/filter_eigenschappen,http://www.w3.org/2004/02/skos/core#ConceptScheme,null,null,Filter eigenschappen,null,null,null,null,null,2026-10-07T06:07:35.969Z,https://data.omgeving.vlaanderen.be/id/conceptscheme/riepr/systeem_eigenschappen,https://purl.archive.org/adms/status/Active,null,null,null,Een typering van verschillende eigenschappen voor filters.,Een typering van verschillende eigenschappen voor filters.,null,null,null,null,null,null,null,null,null,null,null,null,null,null,null,null,null,null,null,https://data.omgeving.vlaanderen.be/id/concept/riepr/filter-eigenschappen/diepte|https://data.omgeving.vlaanderen.be/id/concept/riepr/filter-eigenschappen/lengte|https://data.omgeving.vlaanderen.be/id/concept/riepr/filter-eigenschappen/watervoerendeLaag,null
https://data.omgeving.vlaanderen.be/id/conceptscheme/riepr/filter_type,http://www.w3.org/2004/02/skos/core#ConceptScheme,null,null,Filter type,null,null,null,https://data.omgeving.vlaanderen.be/id/conceptscheme/riepr/filter_type,2026-10-07T06:07:35.969Z,null,https://data.omgeving.vlaanderen.be/id/conceptscheme/riepr/systeem_type,null,null,null,null,null,null,null,null,null,null,null,null,null,null,null,null,null,null,null,null,null,null,null,null,null,https://data.omgeving.vlaanderen.be/id/concept/riepr/filter-type/injectie|https://data.omgeving.vlaanderen.be/id/concept/riepr/filter-type/omkeerbaar|https://data.omgeving.vlaanderen.be/id/concept/riepr/filter-type/peil|https://data.omgeving.vlaanderen.be/id/concept/riepr/filter-type/pomp,null
https://data.omgeving.vlaanderen.be/id/conceptscheme/riepr/installatie_eigenschappen,http://www.w3.org/2004/02/skos/core#ConceptScheme,null,null,Installatie eigenschappen,null,null,null,https://data.omgeving.vlaanderen.be/id/conceptscheme/riepr/installatie_eigenschappen,2026-10-07T06:07:35.969Z,null,https://data.omgeving.vlaanderen.be/id/conceptscheme/riepr/systeem_eigenschappen,null,null,null,null,Een typering van verschillende eigenschappen voor installaties.,Een typering van verschillende eigenschappen voor installaties.,null,null,null,null,null,null,null,null,null,null,null,null,null,null,null,null,null,null,null,https://data.omgeving.vlaanderen.be/id/concept/riepr/installatie-eigenschappen/geinstalleerd_vermogen|https://data.omgeving.vlaanderen.be/id/concept/riepr/installatie-eigenschappen/geinstalleerde_opslagcapaciteit|https://data.omgeving.vlaanderen.be/id/concept/riepr/installatie-eigenschappen/geinstalleerde_productiecapaciteit|https://data.omgeving.vlaanderen.be/id/concept/riepr/installatie-eigenschappen/luchtzuiverings_techniek|https://data.omgeving.vlaanderen.be/id/concept/riepr/installatie-eigenschappen/type_energie_productie|https://data.omgeving.vlaanderen.be/id/concept/riepr/installatie-eigenschappen/verwijderingsrendement|https://data.omgeving.vlaanderen.be/id/concept/riepr/installatie-eigenschappen/waterzuiveringstechniek,null
https://data.omgeving.vlaanderen.be/id/conceptscheme/riepr/installatie_type,http://www.w3.org/2004/02/skos/core#ConceptScheme,null,null,Installatie types,null,null,null,null,null,null,https://data.omgeving.vlaanderen.be/id/conceptscheme/riepr/systeem_type,null,null,null,null,Een typering van verschillende soorten installaties.,Een typering van verschillende soorten installaties.,null,null,null,null,null,null,null,null,null,null,null,null,null,null,null,null,null,null,null,https://data.omgeving.vlaanderen.be/id/concept/riepr/installatie-type/stookinstallatie|https://data.omgeving.vlaanderen.be/id/concept/riepr/installatie-type/opslag_overslag|https://data.omgeving.vlaanderen.be/id/concept/riepr/installatie-type/luchtzuivering|https://data.omgeving.vlaanderen.be/id/concept/riepr/installatie-type/waterzuivering|https://data.omgeving.vlaanderen.be/id/concept/riepr/installatie-type/geothermisch|https://data.omgeving.vlaanderen.be/id/concept/riepr/installatie-type/gpbv|https://data.omgeving.vlaanderen.be/id/concept/riepr/installatie-type/installatie,null
https://data.omgeving.vlaanderen.be/id/conceptscheme/riepr/lozingspunt_lozingsplaats,http://www.w3.org/2004/02/skos/core#ConceptScheme,null,null,null,null,null,null,null,null,null,null,null,null,null,null,null,null,null,null,null,null,null,null,null,null,null,null,null,null,null,null,null,null,null,null,null,https://data.omgeving.vlaanderen.be/id/concept/riepr/emissiepunt-eigenschappen-selectiemogelijkheden/grondwater|https://data.omgeving.vlaanderen.be/id/concept/riepr/emissiepunt-eigenschappen-selectiemogelijkheden/oppervlaktewater|https://data.omgeving.vlaanderen.be/id/concept/riepr/emissiepunt-eigenschappen-selectiemogelijkheden/riool,null
https://data.omgeving.vlaanderen.be/id/conceptscheme/riepr/meetpunt_eigenschappen,http://www.w3.org/2004/02/skos/core#ConceptScheme,null,null,Meetpunt eigenschappen,null,null,null,https://data.omgeving.vlaanderen.be/id/conceptscheme/riepr/meetpunt_eigenschappen,2026-10-07T06:07:35.969Z,null,https://data.omgeving.vlaanderen.be/id/conceptscheme/riepr/systeem_eigenschappen,null,null,null,null,Een typering van verschillende eigenschappen voor meetpunten.,Een typering van verschillende eigenschappen voor meetpunten.,null,null,null,null,null,null,null,null,null,null,null,null,null,null,null,null,null,null,null,https://data.omgeving.vlaanderen.be/id/concept/riepr/meetpunt-eigenschappen/diepte|https://data.omgeving.vlaanderen.be/id/concept/riepr/meetpunt-eigenschappen/referentiepunt,null
https://data.omgeving.vlaanderen.be/id/conceptscheme/riepr/meetpunt_type,http://www.w3.org/2004/02/skos/core#ConceptScheme,null,null,Meetpunt types,null,null,null,https://data.omgeving.vlaanderen.be/id/conceptscheme/riepr/meetpunt_type,2026-10-07T06:07:35.969Z,null,https://data.omgeving.vlaanderen.be/id/conceptscheme/riepr/systeem_type,null,null,null,null,null,null,null,null,null,null,null,null,null,null,null,null,null,null,null,null,null,null,null,null,null,https://data.omgeving.vlaanderen.be/id/concept/riepr/meetpunt-type/peilput|https://data.omgeving.vlaanderen.be/id/concept/riepr/meetpunt-type/controleinrichting|https://data.omgeving.vlaanderen.be/id/concept/riepr/meetpunt-type/debietmeter,null
https://data.omgeving.vlaanderen.be/id/conceptscheme/riepr/onttrekkingspunt_eigenschappen,http://www.w3.org/2004/02/skos/core#ConceptScheme,null,null,Onttrekkingspunt eigenschappen,null,null,null,null,null,null,https://data.omgeving.vlaanderen.be/id/conceptscheme/riepr/systeem_eigenschappen,null,null,null,null,Een typering van verschillende eigenschappen voor onttrekkingspunten.,Een typering van verschillende eigenschappen voor onttrekkingspunten.,null,null,null,null,null,null,null,null,null,null,null,null,null,null,null,null,null,null,null,https://data.omgeving.vlaanderen.be/id/concept/riepr/onttrekkingspunt-eigenschappen/diepte|https://data.omgeving.vlaanderen.be/id/concept/riepr/onttrekkingspunt-eigenschappen/watervoerendelaag,null
https://data.omgeving.vlaanderen.be/id/conceptscheme/riepr/onttrekkingspunt_type,http://www.w3.org/2004/02/skos/core#ConceptScheme,null,null,Onttrekkingspunt types,null,null,null,https://data.omgeving.vlaanderen.be/id/conceptscheme/riepr/onttrekkingspunt_type,2026-10-07T06:07:35.969Z,null,https://data.omgeving.vlaanderen.be/id/conceptscheme/riepr/systeem_type,null,null,null,null,Een typering van verschillende soorten onttrekkingspunten.,Een typering van verschillende soorten onttrekkingspunten.,null,null,null,null,null,null,null,null,null,null,null,null,null,null,null,null,null,null,null,https://data.omgeving.vlaanderen.be/id/concept/riepr/onttrekkingspunt-type/pompput|https://data.omgeving.vlaanderen.be/id/concept/riepr/onttrekkingspunt-type/opnamepunt,null
https://data.omgeving.vlaanderen.be/id/conceptscheme/riepr/operationeel_bepalingsmethode,http://www.w3.org/2004/02/skos/core#ConceptScheme,null,null,Bepalingsmethode,null,null,null,null,null,null,null,null,null,null,null,null,null,null,null,null,null,null,null,null,null,null,null,null,null,null,null,null,null,null,null,null,https://data.omgeving.vlaanderen.be/id/concept/riepr/operationeel-bepalingsmethode/berekend|https://data.omgeving.vlaanderen.be/id/concept/riepr/operationeel-bepalingsmethode/gemeten|https://data.omgeving.vlaanderen.be/id/concept/riepr/operationeel-bepalingsmethode/geschat|https://data.omgeving.vlaanderen.be/id/concept/riepr/operationeel-bepalingsmethode/voorgesteld,null
https://data.omgeving.vlaanderen.be/id/conceptscheme/riepr/operationeel_bepalingsmethodeclassificatie,http://www.w3.org/2004/02/skos/core#ConceptScheme,null,null,Bepalingsmethodeclassificatie,null,null,null,null,null,null,null,null,null,null,null,null,null,null,null,null,null,null,null,null,null,null,null,null,null,null,null,null,null,null,null,null,https://data.omgeving.vlaanderen.be/id/concept/riepr/operationeel-bepalingsmethodeclassificatie/vrachten,null
https://data.omgeving.vlaanderen.be/id/conceptscheme/riepr/operationeel_bestemmingstype,http://www.w3.org/2004/02/skos/core#ConceptScheme,null,null,Bestemmingstype,null,null,null,null,null,null,null,null,null,null,null,null,null,null,null,null,null,null,null,null,null,null,null,null,null,null,null,null,null,null,null,null,https://data.omgeving.vlaanderen.be/id/concept/riepr/operationeel-bestemmingstype/belgisch|https://data.omgeving.vlaanderen.be/id/concept/riepr/operationeel-bestemmingstype/buitenlands|https://data.omgeving.vlaanderen.be/id/concept/riepr/operationeel-bestemmingstype/dispers|https://data.omgeving.vlaanderen.be/id/concept/riepr/operationeel-bestemmingstype/geen_onderneming|https://data.omgeving.vlaanderen.be/id/concept/riepr/operationeel-bestemmingstype/particulier|https://data.omgeving.vlaanderen.be/id/concept/riepr/operationeel-bestemmingstype/werf,null
https://data.omgeving.vlaanderen.be/id/conceptscheme/riepr/operationeel_debiet_type,http://www.w3.org/2004/02/skos/core#ConceptScheme,null,null,Type debiet,null,null,null,null,null,null,null,null,null,null,null,null,null,null,null,null,null,null,null,null,null,null,null,null,null,null,null,null,null,null,null,null,https://data.omgeving.vlaanderen.be/id/concept/riepr/operationeel-debiet-type/infiltratie|https://data.omgeving.vlaanderen.be/id/concept/riepr/operationeel-debiet-type/onttrekking|https://data.omgeving.vlaanderen.be/id/concept/riepr/operationeel-debiet-type/spui|https://data.omgeving.vlaanderen.be/id/concept/riepr/operationeel-debiet-type/totaal_rondgepompd,null
https://data.omgeving.vlaanderen.be/id/conceptscheme/riepr/operationeel_grondstoffen,http://www.w3.org/2004/02/skos/core#ConceptScheme,null,null,Operationeel grondstoffen,null,null,null,https://data.omgeving.vlaanderen.be/id/conceptscheme/riepr/operationeel_grondstoffen,2026-10-07T06:07:35.969Z,null,null,null,null,null,null,null,null,null,null,null,null,null,null,null,null,null,null,null,null,null,null,null,null,null,null,null,https://data.omgeving.vlaanderen.be/id/concept/riepr/operationeel-grondstoffen/grondstof|https://data.omgeving.vlaanderen.be/id/concept/riepr/operationeel-grondstoffen/geproduceerd,null
https://data.omgeving.vlaanderen.be/id/conceptscheme/riepr/operationeel_grondwater,http://www.w3.org/2004/02/skos/core#ConceptScheme,null,null,null,null,null,null,https://data.omgeving.vlaanderen.be/id/conceptscheme/riepr/operationeel_grondwater,2026-10-07T06:07:35.969Z,null,null,null,null,null,null,null,null,null,null,null,null,null,null,null,null,null,null,null,null,null,null,null,null,null,null,null,https://data.omgeving.vlaanderen.be/id/concept/riepr/operationeel-grondwater/onttrekking|https://data.omgeving.vlaanderen.be/id/concept/riepr/operationeel-grondwater/peilmeting|https://data.omgeving.vlaanderen.be/id/concept/riepr/operationeel-grondwater/kwaliteitsmeting,null
https://data.omgeving.vlaanderen.be/id/conceptscheme/riepr/operationeel_lucht,http://www.w3.org/2004/02/skos/core#ConceptScheme,null,null,Operationele gegevens,null,null,null,null,null,null,null,null,null,null,null,null,null,null,null,null,null,null,null,null,null,null,null,null,null,null,null,null,null,null,null,null,https://data.omgeving.vlaanderen.be/id/concept/riepr/operationeel-lucht/feature_ep,null
https://data.omgeving.vlaanderen.be/id/conceptscheme/riepr/operationeel_lucht_bron,http://www.w3.org/2004/02/skos/core#ConceptScheme,null,null,null,null,null,null,null,null,null,null,null,null,null,null,null,null,null,null,null,null,null,null,null,null,null,null,null,null,null,null,null,null,null,null,null,https://data.omgeving.vlaanderen.be/id/concept/riepr/operationeel-lucht/feature_bron,null
https://data.omgeving.vlaanderen.be/id/conceptscheme/riepr/operationeel_lucht_emissie,http://www.w3.org/2004/02/skos/core#ConceptScheme,null,null,null,null,null,null,https://data.omgeving.vlaanderen.be/id/conceptscheme/riepr/operationeel_lucht_emissie,2026-10-07T06:07:35.969Z,null,null,null,null,null,null,null,null,null,null,null,null,null,null,null,null,null,null,null,null,null,null,null,null,null,null,null,https://data.omgeving.vlaanderen.be/id/concept/riepr/operationeel-lucht/emissie,null
https://data.omgeving.vlaanderen.be/id/conceptscheme/riepr/operationeel_lucht_rapportering,http://www.w3.org/2004/02/skos/core#ConceptScheme,null,null,null,null,null,null,https://data.omgeving.vlaanderen.be/id/conceptscheme/riepr/operationeel_lucht_rapportering,2026-10-07T06:07:35.969Z,null,null,null,null,null,null,null,null,null,null,null,null,null,null,null,null,null,null,null,null,null,null,null,null,null,null,null,https://data.omgeving.vlaanderen.be/id/concept/riepr/operationeel-lucht/afvalproduct|https://data.omgeving.vlaanderen.be/id/concept/riepr/operationeel-lucht/geproduceerde_stof|https://data.omgeving.vlaanderen.be/id/concept/riepr/operationeel-lucht/brandstof|https://data.omgeving.vlaanderen.be/id/concept/riepr/operationeel-lucht/verbruikte_stof,null
https://data.omgeving.vlaanderen.be/id/conceptscheme/riepr/operationeel_peilmethode,http://www.w3.org/2004/02/skos/core#ConceptScheme,null,null,Peilmethode,null,null,null,null,null,null,null,null,null,null,null,null,null,null,null,null,null,null,null,null,null,null,null,null,null,null,null,null,null,null,null,null,https://data.omgeving.vlaanderen.be/id/concept/riepr/operationeel-peilmethode/automatische_sonde|https://data.omgeving.vlaanderen.be/id/concept/riepr/operationeel-peilmethode/overige|https://data.omgeving.vlaanderen.be/id/concept/riepr/operationeel-peilmethode/peillint,null
https://data.omgeving.vlaanderen.be/id/conceptscheme/riepr/operationeel_pomptoestand,http://www.w3.org/2004/02/skos/core#ConceptScheme,null,null,Pomptoestand,null,null,null,null,null,null,null,null,null,null,null,null,null,null,null,null,null,null,null,null,null,null,null,null,null,null,null,null,null,null,null,null,https://data.omgeving.vlaanderen.be/id/concept/riepr/operationeel-pomptoestand/rust|https://data.omgeving.vlaanderen.be/id/concept/riepr/operationeel-pomptoestand/werking,null
https://data.omgeving.vlaanderen.be/id/conceptscheme/riepr/operationeel_techniekmonstername,http://www.w3.org/2004/02/skos/core#ConceptScheme,null,null,Techniek monstername,null,null,null,null,null,null,null,null,null,null,null,null,null,null,null,null,null,null,null,null,null,null,null,null,null,null,null,null,null,null,null,null,https://data.omgeving.vlaanderen.be/id/concept/riepr/operationeel-techniekmonstername/aftap,null
https://data.omgeving.vlaanderen.be/id/conceptscheme/riepr/operationeel_toepassingwijze,http://www.w3.org/2004/02/skos/core#ConceptScheme,null,null,Toepassingswijze,null,null,null,null,null,null,null,null,null,null,null,null,null,null,null,null,null,null,null,null,null,null,null,null,null,null,null,null,null,null,null,null,https://data.omgeving.vlaanderen.be/id/concept/riepr/operationeel-toepassingswijze/brandstof|https://data.omgeving.vlaanderen.be/id/concept/riepr/operationeel-toepassingswijze/dispers|https://data.omgeving.vlaanderen.be/id/concept/riepr/operationeel-toepassingswijze/overige,null
https://data.omgeving.vlaanderen.be/id/conceptscheme/riepr/operationeel_toestand_indicator,http://www.w3.org/2004/02/skos/core#ConceptScheme,null,null,null,null,null,null,https://data.omgeving.vlaanderen.be/id/conceptscheme/riepr/operationeel_toestand_indicator,2026-10-07T06:07:35.969Z,null,null,null,null,null,null,null,null,null,null,null,null,null,null,null,null,null,null,null,null,null,null,null,null,null,null,null,https://data.omgeving.vlaanderen.be/id/concept/riepr/operationeel-toestand-indicator/droog|https://data.omgeving.vlaanderen.be/id/concept/riepr/operationeel-toestand-indicator/nat,null
https://data.omgeving.vlaanderen.be/id/conceptscheme/riepr/operationeel_water,http://www.w3.org/2004/02/skos/core#ConceptScheme,null,null,Operationele gegevens,null,null,null,null,null,null,null,null,null,null,null,Selecteer de controleinrichting waarop je de lozing wil rapporteren.,Selecteer de controleinrichting waarop je de lozing wil rapporteren.,null,null,null,null,null,null,null,null,null,null,null,null,null,null,null,null,null,null,null,https://data.omgeving.vlaanderen.be/id/concept/riepr/operationeel-water/feature,null
https://data.omgeving.vlaanderen.be/id/conceptscheme/riepr/operationeel_water_lozing,http://www.w3.org/2004/02/skos/core#ConceptScheme,null,null,null,null,null,null,https://data.omgeving.vlaanderen.be/id/conceptscheme/riepr/operationeel_water_lozing,2026-10-07T06:07:35.969Z,null,null,null,null,null,null,null,null,null,null,null,null,null,null,null,null,null,null,null,null,null,null,null,null,null,null,null,https://data.omgeving.vlaanderen.be/id/concept/riepr/operationeel-water/abnormale-lozing|https://data.omgeving.vlaanderen.be/id/concept/riepr/operationeel-water/lozing,null
https://data.omgeving.vlaanderen.be/id/conceptscheme/riepr/operationeel_zelfcontrole_lucht,http://www.w3.org/2004/02/skos/core#ConceptScheme,null,null,Operationele gegevens,null,null,null,null,null,null,null,null,null,null,null,null,null,null,null,null,null,null,null,null,null,null,null,null,null,null,null,null,null,null,null,null,https://data.omgeving.vlaanderen.be/id/concept/riepr/operationeel-zelfcontrole-lucht/feature,null
https://data.omgeving.vlaanderen.be/id/conceptscheme/riepr/operationeel_zelfcontrole_lucht_meting,http://www.w3.org/2004/02/skos/core#ConceptScheme,null,null,null,null,null,null,https://data.omgeving.vlaanderen.be/id/conceptscheme/riepr/operationeel_zelfcontrole_lucht_meting,2026-10-07T06:07:35.969Z,null,null,null,null,null,null,null,null,null,null,null,null,null,null,null,null,null,null,null,null,null,null,null,null,null,null,null,https://data.omgeving.vlaanderen.be/id/concept/riepr/operationeel-zelfcontrole-lucht/meting,null
https://data.omgeving.vlaanderen.be/id/conceptscheme/riepr/operationeel_zelfcontrole_meetfrequentie,http://www.w3.org/2004/02/skos/core#ConceptScheme,null,null,Meetfrequentie,null,null,null,null,null,null,null,null,null,null,null,null,null,null,null,null,null,null,null,null,null,null,null,null,null,null,null,null,null,null,null,null,https://data.omgeving.vlaanderen.be/id/concept/riepr/operationeel-meetfrequentie/test,null
https://data.omgeving.vlaanderen.be/id/conceptscheme/riepr/operationeel_zelfcontrole_water,http://www.w3.org/2004/02/skos/core#ConceptScheme,null,null,Operationele gegevens,null,null,null,null,null,null,null,null,null,null,null,null,null,null,null,null,null,null,null,null,null,null,null,null,null,null,null,null,null,null,null,null,https://data.omgeving.vlaanderen.be/id/concept/riepr/operationeel-zelfcontrole-water/feature,null
https://data.omgeving.vlaanderen.be/id/conceptscheme/riepr/operationeel_zelfcontrole_water_meting,http://www.w3.org/2004/02/skos/core#ConceptScheme,null,null,null,null,null,null,https://data.omgeving.vlaanderen.be/id/conceptscheme/riepr/operationeel_zelfcontrole_water_meting,2026-10-07T06:07:35.969Z,null,null,null,null,null,null,null,null,null,null,null,null,null,null,null,null,null,null,null,null,null,null,null,null,null,null,null,https://data.omgeving.vlaanderen.be/id/concept/riepr/operationeel-zelfcontrole-water/meting|https://data.omgeving.vlaanderen.be/id/concept/riepr/operationeel-zelfcontrole-water/labo|https://data.omgeving.vlaanderen.be/id/concept/riepr/operationeel-zelfcontrole-water/parameter,null
https://data.omgeving.vlaanderen.be/id/conceptscheme/riepr/procedure_type,http://www.w3.org/2004/02/skos/core#ConceptScheme,null,null,Procedure types,null,null,null,null,null,null,null,null,null,null,null,Een typering van verschillende procedures.,Een typering van verschillende procedures.,null,null,null,null,null,null,null,null,null,null,null,null,null,null,null,null,null,null,null,https://data.omgeving.vlaanderen.be/id/concept/riepr/procedure-type/emissie|https://data.omgeving.vlaanderen.be/id/concept/riepr/procedure-type/hoofdactiviteit|https://data.omgeving.vlaanderen.be/id/concept/riepr/procedure-type/meting|https://data.omgeving.vlaanderen.be/id/concept/riepr/procedure-type/onttrekking|https://data.omgeving.vlaanderen.be/id/concept/riepr/procedure-type/transport|https://data.omgeving.vlaanderen.be/id/concept/riepr/procedure-type/uitwissel|https://data.omgeving.vlaanderen.be/id/concept/riepr/procedure-type/verwerking,null
https://data.omgeving.vlaanderen.be/id/conceptscheme/riepr/rubriek_type,http://www.w3.org/2004/02/skos/core#ConceptScheme,null,null,Rubriek types,null,null,null,null,null,null,null,null,null,null,null,null,null,null,null,null,null,null,null,null,null,null,null,null,null,null,null,null,null,null,null,null,https://data.omgeving.vlaanderen.be/id/concept/riepr/rubriek-type/vlarem,null
https://data.omgeving.vlaanderen.be/id/conceptscheme/riepr/status_type,http://www.w3.org/2004/02/skos/core#ConceptScheme,null,null,Status types,null,null,null,null,null,null,null,null,null,null,null,"Een typering van verschillende statussen (actief, inactief, ...).","Een typering van verschillende statussen (actief, inactief, ...).",null,null,null,null,null,null,null,null,null,null,null,null,null,null,null,null,null,null,null,https://data.omgeving.vlaanderen.be/id/concept/riepr/status-type/definitief_uit_dienst|https://data.omgeving.vlaanderen.be/id/concept/riepr/status-type/in_dienst|https://data.omgeving.vlaanderen.be/id/concept/riepr/status-type/ontmanteld|https://data.omgeving.vlaanderen.be/id/concept/riepr/status-type/tijdelijk_uit_dienst|https://data.omgeving.vlaanderen.be/id/concept/riepr/status-type/verkeerde_registratie|https://data.omgeving.vlaanderen.be/id/concept/riepr/status-type/voorgesteld,null
https://data.omgeving.vlaanderen.be/id/conceptscheme/riepr/systeem_eigenschappen,null,null,null,null,null,null,null,null,null,null,null,null,null,null,null,null,null,null,null,null,null,null,null,null,null,null,null,null,null,null,null,null,null,null,null,null,null,https://data.omgeving.vlaanderen.be/id/concept/riepr/emissiepunt-eigenschappen/aantalpunten|https://data.omgeving.vlaanderen.be/id/conceptscheme/riepr/emissiepunt_eigenschappen|https://data.omgeving.vlaanderen.be/id/concept/riepr/emissiepunt-eigenschappen/lozingspunt-lozingsplaats|https://data.omgeving.vlaanderen.be/id/concept/riepr/emissiepunt-eigenschappen/schouw-diameter|https://data.omgeving.vlaanderen.be/id/concept/riepr/emissiepunt-eigenschappen/schouw-hoogte|https://data.omgeving.vlaanderen.be/id/concept/riepr/filter-eigenschappen/diepte|https://data.omgeving.vlaanderen.be/id/conceptscheme/riepr/filter_eigenschappen|https://data.omgeving.vlaanderen.be/id/concept/riepr/filter-eigenschappen/lengte|https://data.omgeving.vlaanderen.be/id/concept/riepr/filter-eigenschappen/watervoerendeLaag|https://data.omgeving.vlaanderen.be/id/concept/riepr/installatie-eigenschappen/geinstalleerd_vermogen|https://data.omgeving.vlaanderen.be/id/conceptscheme/riepr/installatie_eigenschappen|https://data.omgeving.vlaanderen.be/id/concept/riepr/installatie-eigenschappen/geinstalleerde_opslagcapaciteit|https://data.omgeving.vlaanderen.be/id/concept/riepr/installatie-eigenschappen/geinstalleerde_productiecapaciteit|https://data.omgeving.vlaanderen.be/id/concept/riepr/installatie-eigenschappen/luchtzuiverings_techniek|https://data.omgeving.vlaanderen.be/id/concept/riepr/installatie-eigenschappen/type_energie_productie|https://data.omgeving.vlaanderen.be/id/concept/riepr/installatie-eigenschappen/verwijderingsrendement|https://data.omgeving.vlaanderen.be/id/concept/riepr/installatie-eigenschappen/waterzuiveringstechniek|https://data.omgeving.vlaanderen.be/id/concept/riepr/meetpunt-eigenschappen/diepte|https://data.omgeving.vlaanderen.be/id/conceptscheme/riepr/meetpunt_eigenschappen|https://data.omgeving.vlaanderen.be/id/concept/riepr/meetpunt-eigenschappen/referentiepunt|https://data.omgeving.vlaanderen.be/id/concept/riepr/onttrekkingspunt-eigenschappen/diepte|https://data.omgeving.vlaanderen.be/id/conceptscheme/riepr/onttrekkingspunt_eigenschappen|https://data.omgeving.vlaanderen.be/id/concept/riepr/onttrekkingspunt-eigenschappen/watervoerendelaag|https://data.omgeving.vlaanderen.be/id/conceptscheme/riepr/uitwisselpunt_eigenschappen
https://data.omgeving.vlaanderen.be/id/conceptscheme/riepr/systeem_type,null,null,null,null,null,null,null,null,null,null,null,null,null,null,null,null,null,null,null,null,null,null,null,null,null,null,null,null,null,null,null,null,null,null,null,null,null,https://data.omgeving.vlaanderen.be/id/concept/riepr/emissiepunt-type/schoorsteen|https://data.omgeving.vlaanderen.be/id/concept/riepr/emissiepunt-type/lozingspunt|https://data.omgeving.vlaanderen.be/id/concept/riepr/emissiepunt-type/emissiepunt|https://data.omgeving.vlaanderen.be/id/conceptscheme/riepr/emissiepunt_type|https://data.omgeving.vlaanderen.be/id/concept/riepr/emissiepunt-type/fakkel|https://data.omgeving.vlaanderen.be/id/concept/riepr/emissiepunt-type/gebouw|https://data.omgeving.vlaanderen.be/id/concept/riepr/filter-type/injectie|https://data.omgeving.vlaanderen.be/id/conceptscheme/riepr/filter_type|https://data.omgeving.vlaanderen.be/id/concept/riepr/filter-type/omkeerbaar|https://data.omgeving.vlaanderen.be/id/concept/riepr/filter-type/peil|https://data.omgeving.vlaanderen.be/id/concept/riepr/filter-type/pomp|https://data.omgeving.vlaanderen.be/id/concept/riepr/installatie-type/stookinstallatie|https://data.omgeving.vlaanderen.be/id/concept/riepr/installatie-type/opslag_overslag|https://data.omgeving.vlaanderen.be/id/conceptscheme/riepr/installatie_type|https://data.omgeving.vlaanderen.be/id/concept/riepr/installatie-type/luchtzuivering|https://data.omgeving.vlaanderen.be/id/concept/riepr/installatie-type/waterzuivering|https://data.omgeving.vlaanderen.be/id/concept/riepr/installatie-type/geothermisch|https://data.omgeving.vlaanderen.be/id/concept/riepr/installatie-type/gpbv|https://data.omgeving.vlaanderen.be/id/concept/riepr/installatie-type/installatie|https://data.omgeving.vlaanderen.be/id/concept/riepr/meetpunt-type/peilput|https://data.omgeving.vlaanderen.be/id/concept/riepr/meetpunt-type/controleinrichting|https://data.omgeving.vlaanderen.be/id/conceptscheme/riepr/meetpunt_type|https://data.omgeving.vlaanderen.be/id/concept/riepr/meetpunt-type/debietmeter|https://data.omgeving.vlaanderen.be/id/concept/riepr/onttrekkingspunt-type/pompput|https://data.omgeving.vlaanderen.be/id/concept/riepr/onttrekkingspunt-type/opnamepunt|https://data.omgeving.vlaanderen.be/id/conceptscheme/riepr/onttrekkingspunt_type|https://data.omgeving.vlaanderen.be/id/concept/riepr/uitwisselpunt-type/uitwisselpunt|https://data.omgeving.vlaanderen.be/id/conceptscheme/riepr/uitwisselpunt_type
https://data.omgeving.vlaanderen.be/id/conceptscheme/riepr/thema_type,http://www.w3.org/2004/02/skos/core#ConceptScheme,null,null,Thematische stroom,null,null,null,null,null,null,null,null,null,null,null,null,null,null,null,null,null,null,null,null,null,null,null,null,null,null,null,null,null,null,null,null,https://data.omgeving.vlaanderen.be/id/concept/riepr/thema-type/grondstoffen|https://data.omgeving.vlaanderen.be/id/concept/riepr/thema-type/grondwater|https://data.omgeving.vlaanderen.be/id/concept/riepr/thema-type/lucht|https://data.omgeving.vlaanderen.be/id/concept/riepr/thema-type/water|https://data.omgeving.vlaanderen.be/id/concept/riepr/thema-type/zelfcontrole-lucht|https://data.omgeving.vlaanderen.be/id/concept/riepr/thema-type/zelfcontrole-water,null
https://data.omgeving.vlaanderen.be/id/conceptscheme/riepr/uitwisselpunt_eigenschappen,http://www.w3.org/2004/02/skos/core#ConceptScheme,null,null,Uitwisselpunt eigenschappen,null,null,null,null,null,null,https://data.omgeving.vlaanderen.be/id/conceptscheme/riepr/systeem_eigenschappen,null,null,null,null,Een typering van verschillende eigenschappen voor installaties.,Een typering van verschillende eigenschappen voor installaties.,null,null,null,null,null,null,null,null,null,null,null,null,null,null,null,null,null,null,null,null,null
https://data.omgeving.vlaanderen.be/id/conceptscheme/riepr/uitwisselpunt_type,http://www.w3.org/2004/02/skos/core#ConceptScheme,null,null,Uitwisselpunt types,null,null,null,null,null,null,https://data.omgeving.vlaanderen.be/id/conceptscheme/riepr/systeem_type,null,null,null,null,Een typering van verschillende soorten installaties.,Een typering van verschillende soorten installaties.,null,null,null,null,null,null,null,null,null,null,null,null,null,null,null,null,null,null,null,https://data.omgeving.vlaanderen.be/id/concept/riepr/uitwisselpunt-type/uitwisselpunt,null